,Label,String,clean_text,encoded_label
0,Non-bullying,"""Kaka tidur yaa, udah pagi, gaboleh capek2""",kaka tidur yaa sudah pagi tidak boleh capek2,1
1,Non-bullying,"""makan nasi padang aja begini badannya""",makan nasi padang saja badannya,1
2,Bullying,"""yang aku suka dari dia adalah selalu cukur jembut sebelum manggung""",suka cukur jembut manggung,0
3,Non-bullying,"""Hai kak Isyana aku ngefans banget sama kak Isyana.aku paling suka lagu kak Isyana itu lagu tetap didalam jiwa""",hai kak isyana ngefans sekali kak isyana suka lagu kak isyana lagu didalam jiwa,1
4,Non-bullying,"""Manusia apa bidadari sih herann deh cantik terus ????""",manusia bidadari sih herann deh cantik,1
5,Bullying,"""@ayu.kinantii isyan skrg berubah ya:( baju nya nakal""",<USERNAME> kinantii isyan sekarang berubah ya baju nya nakal,0
6,Non-bullying,"""Gemesnya isyan kayak tango, berlapis lapis ciaaaa""",gemesnya isyan mirip tango berlapis lapis ciaaaa,1
7,Bullying,"""Makin jelek aja anaknya, padahal ibu ayahnya cakep2""",jelek saja anaknya ayahnya cakep2,0
8,Bullying,"""Kok anaknya kayak udah tua gitu ya mukanya kk tasya""",anaknya mirip sudah tua begitu ya mukanya kartu keluarga tasya,0
9,Bullying,"""Muka anak nya ko tua banget yaa.. GK ngegemesin GK ada lucu2nya""",muka anak nya ko tua sekali yaa tidak ngegemesin tidak lucu2nya,0
10,Bullying,"""Muka nya muka kolot wkwk bukan muka bayi2 lucu gt""",muka nya muka kolot wkwk muka bayi2 lucu begitu,0
11,Bullying,"""Udah gila sekarang ini orang wkwk, udah jomblo jadi psikolog ga laku, ya jadilah seperti itu""",sudah gila orang wkwk sudah jomblo psikolog tidak laku ya,0
12,Bullying,"""Lo sintingnya udah tingkat dewa""",kamu sintingnya sudah tingkat dewa,0
13,Bullying,"""Sepertinya Lutfi setelah putus dgn salsa seperti orang stress""",lutfi putus dengan salsa orang stress,0
14,Bullying,"""ANAK TOLOL INI MULAI AKTIF YA BUND""",anak tolol aktif ya bund,0
15,Bullying,"""bisa mati aja ga? gedeg gua liat lu. ANJIM""",mati saja tidak gedeg saya liat kamu anjim,0
16,Bullying,"""Woy Lutfi asu , sok asik Lo ANJING !""",woy lutfi asu sok asyik kamu anjing,0
17,Bullying,"""Apasih kontol berantem aja lah ayo bngst @lutfiagizal""",apasih kontol bertengkar saja ayo bngst <USERNAME>,0
18,Bullying,"""Ibu kamu pelakor plus hamil di luar nikah ya? Pantesan anaknya kyk gini modelannya""",pelakor plus hamil nikah ya pantas anaknya seperti gini modelannya,0
19,Bullying,"""Anaknya udh pinter, maknya yang kelempengan.. berasa masih baby, tingginya azka aj melebihi mamanya..""",anaknya sudah pintar maknya kelempengan berasa baby tingginya azka saja melebihi mamanya,0
20,Non-bullying,"""Anak yg cerdas terbentuk dr pola asuh sekaligus pola didik ortu yg cerdas pula sih pada saranya. Sesimple itu""",anak yang cerdas terbentuk dari pola asuh pola didik orangtua yang cerdas sih saranya sesimple,1
21,Non-bullying,"""Setengah iri setengah jadi motivasi ini""",iri motivasi,1
22,Bullying,"""Ancur hidup lu kalau sama dia? Sumpah..""",hancur hidup kamu sumpah,0
23,Bullying,"""serem banget muka lo mel kayak ayam potong merah banget""",seram sekali muka kamu mel mirip ayam potong merah sekali,0
24,Non-bullying,"""Yaudah jd pengusaha kuliner aja gausah artis, makanannya emang bikin ngiler sih wkwkw""",yaudah jadi pengusaha kuliner saja tidak usah artis makanannya memang bikin ngiler sih wkwkw,1
25,Non-bullying,"""Kamu emang cocoknya jadi pengusaha kuliner udah fixs. Semoha lancat terusssss""",memang cocoknya pengusaha kuliner sudah fixs semoha lancat terusssss,1
26,Bullying,"""Tak sejelek IMAGE Owner ya..? Artis ups bukan Artis? Hallo secara tidak langsung semua orang itu tau IMAGE lu jelek gentong!""",sejelek image owner ya artis ups artis hallo langsung orang tahu image kamu jelek gentong,0
27,Bullying,"""Apaan sih gak jelas hidupnya""",sih tidak hidupnya,0
28,Bullying,"""Sebelum aku Unfoll, aku mau bilang NAJISSSS""",unfoll bilang najissss,0
29,Bullying,"""muka lu sensual tapi norak kenapa dah""",muka kamu sensual norak sudah,0
30,Non-bullying,"""Udah gk jaman ngebully orang hey netizen mending ngaca dari kekurangan sendiri""",sudah tidak jaman ngebully orang hey netizen mending ngaca kekurangan,1
31,Non-bullying,"""Kalau pas penempatannya, sebenernya kamu imut banget loh mel.""",pas penempatannya sebenarnya imut sekali loh mel,1
32,Bullying,"""Cakep kaga jelek iya HAHAH""",cakap kaga jelek iya hahah,0
33,Bullying,"""jari jari kaki kayak jarinya tukang panggul""",jari jari kaki mirip jarinya tukang panggul,0
34,Bullying,"""Kakinya kek lagi hamil tua ya bun, semacam kaki gajah @ayuugsia""",kakinya kek hamil tua ya bun kaki gajah <USERNAME>,0
35,Non-bullying,"""Suka heran sama yg ngehina fisik,, ternyata bener ya kita semua pendosa dengan cara kita sendiri,,""",suka heran yang ngehina fisik benar ya pendosa,1
36,Bullying,"""Ini diedit biar langsing padahal mah klo live bomber badannya""",diedit biar langsing mah kalau live bomber badannya,0
37,Bullying,"""Kakinya gedong sayyy kek kaki jantan? Upp kan dia suka berbaur ama warwerwor.. Mahluk astral.. Yg kakinya gedong""",kakinya gedong sayyy kek kaki jantan upp suka berbaur ama warwerwor mahluk astral yang kakinya gedong,0
38,Non-bullying,"""Bagusan foto pakai masker drpd gak pakai masker""",bagusan foto pakai masker daripada tidak pakai masker,1
39,Bullying,"""@rosameldianti_ kakak foto sebelum ini. kenapa Memeknya Keliatan Tebal???? Memeknya kakak Lagi Bengkak yah???""",<USERNAME> kakak foto memeknya kelihatan tebal memeknya kakak bengkak yah,0
40,Bullying,"""Bra nya kedodoran kak make ukuran gede yaa""",bra nya kedodoran kak pakai ukuran gede yaa,0
41,Non-bullying,"""Nah ini cantik seneng. Usahanya membuahkan hasil. Semangat ya mel semoga menjadi pribadi yang lebih baik lagi""",cantik senang usahanya membuahkan hasil semangat ya mel semoga pribadi,1
42,Bullying,"""mba bisa gk sih, kalau gk merem melek gitu matanya kaya orang cacingan""",mba tidak sih tidak merem melek begitu matanya kaya orang cacingan,0
43,Non-bullying,"""Semoga lancar terus usahanya mel""",semoga lancar usahanya mel,1
44,Non-bullying,"""Cantik banget kalo meldi muka natural kek gini""",cantik sekali kalau meldi muka natural kek gini,1
45,Non-bullying,"""Lu diem aja cantik mel kalo ga banyak gaya serius""",kamu diam saja cantik mel kalau tidak gaya serius,1
46,Bullying,"""Kaku kek kanebo kering hahaha""",kaku kek kanebo kering hahaha,0
47,Non-bullying,"""Semakin glowing say? natural kayak gini bagus tambahin prestasi nya ya say""",glowing say natural mirip gini bagus tambahin prestasi nya ya say,1
48,Bullying,"""Meldi, emaknya buka klinik totok aura kayaknya anaknya gak pernah ditotok ya? auranya gak keliatan yg ada malah butek""",meldi emaknya buka klinik totok aura kayaknya anaknya tidak ditotok ya auranya tidak kelihatan yang butek,0
49,Bullying,"""Karena muka lo pasaran mel, di pasar sapi juga ada yang mirip noh""",muka kamu pasaran mel pasar sapi noh,0
50,Bullying,"""Maap kalau gua sering nyamain lu sama dugong soalnya emang mirip""",maaf saya nyamain kamu dugong memang,0
51,Bullying,"""Iya lo kamu mirip monyet mel""",iya kamu monyet mel,0
52,Bullying,"""Bagusan pantat panci aing atuh anjir""",bagusan pantat panci aing atuh anjir,0
53,Bullying,"""Ya emang ga ada yang sama soalnya muka kamu sama dengan muka badak, muka beton, ga ada malu,,,""",ya memang tidak muka muka badak muka beton tidak malu,0
54,Non-bullying,"""Kok mbak meldi sekarang tambah cantik ya rahasianya apa..""",mbak meldi cantik ya rahasianya,1
55,Bullying,"""Lengannya gempal banget sih HAHA""",lengannya gempal sekali sih haha,0
56,Non-bullying,"""Fix yang komen semua nyela""",fix komen nyela,1
57,Non-bullying,"""Udah ka gausah digubris gausah dipikirin. Bersyukur aja sama nikmat tuhan yang udah dikasih ke kaka. Gausah juga ngatain orang ka, tetep bersyukur atas nikmatnya""",sudah ka tidak usah digubris tidak usah dipikirin bersyukur saja nikmat tuhan sudah dikasih kaka tidak usah ngatain orang ka tetap bersyukur nikmatnya,1
58,Bullying,"""Jari jari nya gede gede banget, apalagi pas ngiklan makan ikan danau hambar, jarinya kayak jempol semua hawak bener""",jari jari nya gede gede sekali pas ngiklan makan ikan danau hambar jarinya mirip jempol hawak benar,0
59,Bullying,"""Jangan disamain muka @rosameldianti_ sama orang oi. Mintanya disamain sama babi""",disamain muka <USERNAME> orang oi mintanya disamain babi,0
60,Non-bullying,"""Ga ada yang dibawah Meldi, semuanya setara, ada kekurangan ada kelebihan""",tidak dibawah meldi setara kekurangan kelebihan,1
61,Non-bullying,"""Ka mel gausah merendahkan orang lain. Bersyukur aja diatas langit juga masih ada langit lagi""",ka mel tidak usah merendahkan orang bersyukur saja diatas langit langit,1
62,Bullying,"""Mukanya kalau gak dibantu kamera dekil dan kumel""",mukanya tidak dibantu kamera dekil kumel,0
63,Non-bullying,"""Semua wanita cantik, jangan suka merasa lebih ah""",wanita cantik suka ah,1
64,Bullying,"""Meldi udah dapat kontrak endorse skincare ya tapi kok mukanya tetap jelek si?""",meldi sudah kontrak endorse skincare ya mukanya jelek si,0
65,Non-bullying,"""Gila Netizen pada sempurna ngehina orang terus""",gila netizen sempurna ngehina orang,1
66,Bullying,"""Semua dah pada ngembang? habis di berapa cowo meldi?... enak ya di otak atik""",sudah ngembang habis cowok meldi enak ya otak atik,0
67,Bullying,"""Karena muka kayak elo pasaran dan murah?""",muka mirip kamu pasaran murah,0
68,Bullying,"""Muka buluk kepedean lagi.. muka udah tua""",muka buluk kepedean muka sudah tua,0
69,Bullying,"""Muka lu kaya tai wkwkwk""",muka kamu kaya tai wkwkwk,0
70,Bullying,"""Sakit jiwa ini upil gajah? Kasihan""",sakit jiwa upil gajah kasihan,0
71,Bullying,"""Jelek macam buntut kuali hahaha""",jelek buntut kuali hahaha,0
72,Non-bullying,"""Meldi tambah kurusan sekarang ya??? Cantik walaupun tanpa make up?""",meldi kurusan ya cantik pakai up,1
73,Non-bullying,"""Elu juga semoga semakinlebih baik dalam segala hal, terutama akhlak dan etikanya""",elu semoga semakinlebih akhlak etikanya,1
74,Non-bullying,"""Mbak mell sehat dan sukses ya""",mbak mell sehat sukses ya,1
75,Non-bullying,"""Aamiin. Doa baik juga untuk Meldi""",aamiin doa meldi,1
76,Non-bullying,"""Selamat tahun baru mbak, semoga jadi pribadi yang lebih baik amin""",selamat mbak semoga pribadi amin,1
77,Non-bullying,"""Meldi ini lama lama cantik loh tinggal dibenerin akhlak dan adabnya pasti makin sip""",meldi cantik loh tinggal dibenerin akhlak adabnya sip,1
78,Bullying,"""Pengambilan fotonya sudah bagus mantap dan keren.. tinggal pengambilan ARWAH nya aja yang belum""",pengambilan fotonya bagus mantap keren tinggal pengambilan arwah nya saja,0
79,Bullying,"""Nggak ada cantik-cantik nya hahaha""",tidak cantik cantik nya hahaha,0
80,Bullying,"""Kasian editornya sih ini, nanggung dosa banget kayaknya ngeditnya offside gini""",kasihan editornya sih nanggung dosa sekali kayaknya ngeditnya offside gini,0
81,Non-bullying,"""Lama lama mirip dewi persik ya""",dewi persik ya,1
82,Non-bullying,"""pada julid padahal kan meldi gak nyusahin kalian""",julid meldi tidak nyusahin,1
83,Bullying,"""ini foto apa w masukin museum aja ya ga ada pantas2nya""",foto w masukin museum saja ya tidak pantas2nya,0
84,Bullying,"""Nggak ngumpul bareng mami isa lagi kan kamu yang paling gembrot disana""",tidak ngumpul bareng mami isa gembrot disana,0
85,Bullying,"""Lagu lu ga ada yang laku ya mel??""",lagu kamu tidak laku ya mel,0
86,Bullying,"""Lututnya masih hitam gosok maning biar tambah cling dan cantik""",lututnya hitam gosok maning biar cling cantik,0
87,Non-bullying,"""Suka heran sama warga +62 sukanya ngehujat orang mulu, dapat pahala kagak dosa mah iya""",suka heran warga 62 sukanya ngehujat orang terus pahala tidak dosa mah iya,1
88,Non-bullying,"""Tambah cantik aja rosa meldianti""",cantik saja rosa meldianti,1
89,Bullying,"""Jadi diri sendiri, jangan jadi ular apalagi dugong""",ular dugong,0
90,Non-bullying,"""Saya kok suka ya sama mereka harmonis""",suka ya harmonis,1
91,Non-bullying,"""Cantik banget kalau pakai baju kayak gitu""",cantik sekali pakai baju mirip begitu,1
92,Non-bullying,"""Jujur ya kamu kalo anteng ga buat masalah cantik mel""",jujur ya kalau anteng tidak cantik mel,1
93,Bullying,"""Cowoknya ga ada cakep cakepnya""",cowoknya tidak cakap cakepnya,0
94,Bullying,"""Di foto tirus.. Kalo di video wariorr kok mukanya kek donat gak ada bentuknya""",foto tirus kalau video wariorr mukanya kek donat tidak bentuknya,0
95,Non-bullying,"""Dari sekian banyak foto yang diposting, ini yang paling cantik""",sekian foto diposting cantik,1
96,Bullying,"""Artis abal-abal.. Muka putih tangan hitam? ager2 ATM nya udah isi berapa sekarang""",artis abal abal muka putih tangan hitam ager2 atm nya sudah isi,0
97,Bullying,"""Itu muka kayak penuh tekanan banget""",muka mirip penuh tekanan sekali,0
98,Bullying,"""@rosameldianti_ cowokmu wajah nya culun dan cupu kayak om2""",<USERNAME> cowokmu wajah nya culun cupu mirip om2,0
99,Non-bullying,"""Masyaallah cantik terlihat sopan dan anggun""",masyaallah cantik sopan anggun,1
100,Bullying,"""Kang ojek kali belang tangannya""",kang ojek kali belang tangannya,0
101,Non-bullying,"""Seneng liat pasangan ini cewenya di hujat 1 indonesia tapi dia tetep setia nemenin""",senang liat pasangan cewenya hujat 1 indonesia tetap setia menemani,1
102,Bullying,"""Dia memutuskan menjadi tumbal apartment""",memutuskan tumbal apartemen,0
103,Non-bullying,"""makin cantik mel, semangat dietnyaa""",cantik mel semangat dietnyaa,1
104,Bullying,"""Itu tangan apa paha haha?.""",tangan paha haha,0
105,Non-bullying,"""Mel disini kamu keliatan cakep""",mel kelihatan cakap,1
106,Bullying,"""Mukanya kayak lagi ngeden pas boker""",mukanya mirip ngeden pas boker,0
107,Bullying,"""Aduuh.. terlalu halu.. hhahaha lebay editan nyaa lemak kemana lemak? hahhaaa.. mimpi ketinggian..""",aduuh halu hhahaha lebay editan nyaa lemak ke mana lemak hahhaaa mimpi ketinggian,0
108,Non-bullying,"""salfok sama kaki, tapi cantik banget asli""",salfok kaki cantik sekali asli,1
109,Bullying,"""@_dy1412 buset cantik diedit aja mba, coba dah aslinya dah kayak buntelan kentut?""",<USERNAME> buset cantik diedit saja mba coba sudah aslinya sudah mirip buntelan kentut,0
110,Bullying,"""atas bawah hitam putih, kek kopi luwak""",hitam putih kek kopi luwak,0
111,Bullying,"""Palsu badane diedit semua tu, aslinya dimana2 lemak""",palsu badane diedit itu aslinya dimana2 lemak,0
112,Bullying,"""Udah dapat kontrak dari skincare ttp aja buluk mel""",sudah kontrak skincare tetap saja buluk mel,0
113,Non-bullying,"""heran sama netizen klo gk suka jangan diliat aja""",heran netizen kalau tidak suka diliat saja,1
114,Non-bullying,"""sukses selalu yah ka @rosameldianti_ semangat""",sukses yah ka <USERNAME> semangat,1
115,Non-bullying,"""Jujur aku lebih suka meldi yang sekarang daripada yang dulu suka ngehujat orang""",jujur suka meldi suka ngehujat orang,1
116,Bullying,"""sumpah aslinya muka lo lebar kayak baskom loh mel @rosameldianti_""",sumpah aslinya muka kamu lebar mirip baskom loh mel <USERNAME>,0
117,Non-bullying,"""Berkarya teros meldi walo ga ada yg nuntun kamu.""",berkarya terus meldi walo tidak yang nuntun,1
118,Bullying,"""Astaghfirullah, seram sekali ya bun seperti ular jelmaan makhluk halus ya bun""",astaghfirullah seram ya bun ular jelmaan makhluk halus ya bun,0
119,Non-bullying,"""Dan yang paling saya heran cowokpun ikut ngebully, sabar meldi.""",heran cowokpun ngebully sabar meldi,1
120,Bullying,"""Astaga? Ratu edit muka.. Sumpah seren kayak film setan2 gitu?..""",astaga ratu edit muka sumpah seren mirip film setan2 begitu,0
121,Bullying,"""Matanya kayak katarak anjir AHAHAH""",matanya mirip katarak anjir ahahah,0
122,Bullying,"""Caption aja COPAS! Cantumin credit dong, dasar iblis""",caption saja copas cantumin credit dasar iblis,0
123,Non-bullying,"""Unfoll aja daripada kalian dosa ngebully2 terus..""",unfoll saja dosa ngebully2,1
124,Non-bullying,"""Meldi aku perhatikan kamu seperti orang china deh.. cantik""",meldi perhatikan orang china deh cantik,1
125,Bullying,"""Editan softlensnya keluar itu mbaknya, kayak ratu titisan ular kamu wkwkwk""",editan softlensnya mbaknya mirip ratu titisan ular wkwkwk,0
126,Bullying,"""Kasihan ular dibawa bawa kamu gak pantas jadi ular pantasnya jadi bunglon atau buaya..""",kasihan ular dibawa bawa tidak ular pantasnya bunglon buaya,0
127,Non-bullying,"""Maju trus ya sayang.. abaikan orang2 yg comment menyakitkan""",maju terus ya sayang abaikan orang2 yang comment menyakitkan,1
128,Bullying,"""Kasihan ya kamu @rosameldianti_ Hidup sekali cuman buat bahan hujatan masyarakat? Mubadzir banget deh hidup lo? Napa gak bunuh diri aja?""",kasihan ya <USERNAME> hidup hanya bahan hujatan masyarakat mubadzir sekali deh hidup kamu kenapa tidak bunuh saja,0
129,Non-bullying,"""Semangat mel, bahasa asing mah yang penting kita berani pasti entarnya bisa""",semangat mel bahasa asing mah berani entarnya,1
130,Bullying,"""Beda sama d foto yaa.. Disini lebar banget mukanya maaf itu kalau foto editan ya""",beda di foto yaa lebar sekali mukanya maaf foto editan ya,0
131,Non-bullying,"""Meldi meskipun kadang mulut ku tak bisa di rem karena kehaluanmu, tapi aku bangga akan berusaha mu, yuhuuu""",meldi kadang mulut aku rem kehaluanmu bangga berusaha mu yuhuuu,1
132,Bullying,"""Lupa di edit ya tu muka melar""",lupa edit ya itu muka melar,0
133,Non-bullying,"""Semangatt, kesalahan dalam belajar bahasa asing itu penting. Karena itu pembelajaran utamanya, supaya kesalahannya ga terulang""",semangatt kesalahan belajar bahasa asing pembelajaran utamanya kesalahannya tidak terulang,1
134,Non-bullying,"""Kereennnn.. dari bully.an netizen menjadikanmu mau belajar""",kereennnn bully an netizen menjadikanmu belajar,1
135,Bullying,"""Hiiihhh jiik lihat nih orang? auranya buruk bgt gak ada manis manisnya""",hiiihhh jiik lihat nih orang auranya buruk sangat tidak manis manisnya,0
136,Non-bullying,"""Semangat untuk belajar ya? saya uga gak bisa bahasa inggris""",semangat belajar ya uga tidak bahasa inggris,1
137,Non-bullying,"""Yang penting ada niat.. dan keberanian""",niat keberanian,1
138,Non-bullying,"""Salut Mel.. semangat belajar, yg ngetawain juga belum tentu bisa Dan berani..""",salut mel semangat belajar yang ngetawain berani,1
139,Non-bullying,"""Gpp Mel semangat buat belajar trusssss jangan gampang nyerah pokoknya @rosameldianti_""",tidak apa-apa mel semangat belajar trusssss gampang nyerah pokoknya <USERNAME>,1
140,Non-bullying,"""Setidaknya dia ngaku. bukan belagak pintar""",ngaku belagak pintar,1
141,Bullying,"""Masih jauh kalo ngarep bisa ikutan kontes miss earth , makanya dari kecil les inggris biar lidahnya gak keseleo""",kalau mengharap ikutan kontes miss earth les inggris biar lidahnya tidak keseleo,0
142,Non-bullying,"""Cuma di postingan ini ya bund netizen sedikit yang menghujat""",postingan ya bund netizen menghujat,1
143,Non-bullying,"""Happy birthday Mel sehat dan Sukses yah, Aamiin""",happy birthday mel sehat sukses yah aamiin,1
144,Non-bullying,"""Happy Birthday kak Meldi yang imut n ngegemesin. Tambah sukses selalu""",happy birthday kak meldi imut n ngegemesin sukses,1
145,Bullying,"""Ya ampun ketiak dan lemaknya editan parah wkwk""",ya ampun ketiak lemaknya editan parah wkwk,0
146,Bullying,"""Ketiaknya habis di amplas mel, alus banget""",ketiaknya habis amplas mel alus sekali,0
147,Bullying,"""Udah diedit gitu, ketiak lu tetap hitam""",sudah diedit begitu ketiak kamu hitam,0
148,Non-bullying,"""Selamat ulang tahun mel, udah yah jangan banyak tingkah""",selamat ulang mel sudah yah tingkah,1
149,Bullying,"""Mukanya kuning banget kaya kunyit""",mukanya kuning sekali kaya kunyit,0
150,Non-bullying,"""Selamat ulang tahun meldi sukses dan sehat terus ya?.""",selamat ulang meldi sukses sehat ya,1
151,Non-bullying,"""Fotonya lainnya jangan yang ini, kan masih banyak yang lebih cantik ihhh biar gak kena hujat kamu ihh, aku mah kasihan""",fotonya cantik ihhh biar tidak kena hujat ihh mah kasihan,1
152,Non-bullying,"""HBD meldi? Semoga sukses selalu dan panjang umur dan rejekinya di lancarkan.. Amin""",happy birthday meldi semoga sukses umur rejekinya lancarkan amin,1
153,Bullying,"""Perasaan kemarin lengannya kekar banget kek petinju, udah gitu ketiaknya juga hitam. Kok difoto ini lengannya jadi kecil, ketiaknya putih kek dibedakin""",perasaan kemarin lengannya kekar sekali kek petinju sudah begitu ketiaknya hitam difoto lengannya ketiaknya putih kek dibedakin,0
154,Non-bullying,"""Selamat Ulang Tahun kak @rosameldianti_, banyaknya sadar dan jangan pansos lagi yah. Amin""",selamat ulang kak <USERNAME> banyaknya sadar pansos yah amin,1
155,Non-bullying,"""Hbd cantik semoga kedepannya tambah sukses""",happy birthday cantik semoga kedepannya sukses,1
156,Non-bullying,"""Hbd mbak mel tambah cantik di panjangkan umurnya dan sehat selalu""",happy birthday mbak mel cantik panjangkan umurnya sehat,1
157,Non-bullying,"""berdiri di kaki sendiri lebih baik""",berdiri kaki,1
158,Bullying,"""Biar di edit2 kaya apa juga tetap aja ketiak hitam nya ga bisa di bohongin""",biar edit2 kaya saja ketiak hitam nya tidak bohongin,0
159,Bullying,"""Sumpah demi apapun.. Lengan nya gede banget""",sumpah apapun lengan nya gede sekali,0
160,Bullying,"""Selamat ulang tahun panjang umur sampai ketemu dajjal""",selamat ulang umur ketemu dajjal,0
161,Bullying,"""Ketiak hitam buluk mau lu edit nutupin daki diketek lu tetap aka hitam ketiak lu, dasar Dugong @rosameldianti_""",ketiak hitam buluk kamu edit nutupin daki diketek kamu aka hitam ketiak kamu dasar dugong <USERNAME>,0
162,Bullying,"""Di atm tinggal 150 ribu aja banyak gaya lu dugong""",atm tinggal 150 ribu saja gaya kamu dugong,0
163,Bullying,"""Gak ada bagus2nya suara dan polanya?.""",tidak bagus2nya suara polanya,0
164,Bullying,"""Si Meldi jelek aja banyak gaya. Beda banget sm tante n sepupunya yang udah jelas2 cantik""",si meldi jelek saja gaya beda sekali sama tante n sepupunya sudah jelas2 cantik,0
165,Non-bullying,"""Tapi dia sekarang dah berubah gak kayak dulu kalau yang gue lihat""",sudah berubah tidak mirip saya lihat,1
166,Bullying,"""Ngedit ketiaknya berapa lah dah itu ya ampe ngeblur pisan.. Putihnya kek cat tembok""",ngedit ketiaknya sudah ya sampai ngeblur pisan putihnya kek cat tembok,0
167,Bullying,"""Aduh dugong masih aja gila filter?.""",aduh dugong saja gila filter,0
168,Bullying,"""Sekarang bukan muka aja yang didempul, tapi ketiak juga""",muka saja didempul ketiak,0
169,Bullying,"""Kasian kebelet artis tapi gak punya bakat""",kasihan kebelet artis tidak bakat,0
170,Bullying,"""Yang merasa peliharaannya lepas, tolong diangkut""",peliharaannya lepas tolong diangkut,0
171,Non-bullying,"""Miris banget? ultah bukan didoain yang baik2 tapi tetap di bully kasian !! God bless u mel""",miris sekali ultah didoain baik2 bully kasihan god bless u mel,1
172,Bullying,"""Mudah mudahan lu jadi gembel. Amin ya Allah""",mudah mudahan kamu jelek amin ya allah,0
173,Bullying,"""Ketiaknya hitam dikasih bedak jadi nya abu"" monyet""",ketiaknya hitam dikasih bedak nya abu monyet,0
174,Non-bullying,"""Heran gua mah kalau gasuka gausah di follow dah tau ni akun private kalo lu tetap follow dan ngebuli tanda nya lu sirik. Gasuka ya gausah diliat, kaya dirinya sempurna aja""",heran saya mah tidak suka tidak usah follow sudah tahu ni akun private kalau kamu follow ngebuli tanda nya kamu sirik tidak suka ya tidak usah diliat kaya sempurna saja,1
175,Bullying,"""Gua berharap lu aja si yg sakit bukan laura lol""",saya berharap kamu saja si yang sakit laura lol,0
176,Bullying,"""Harusnya lo aja yang menderitaaa bukan lora anj!!!!!!!!!""",kamu saja menderitaaa lora anj,0
177,Bullying,"""GAGA SEMPET BENERAN LORA LO TINGGALIN, LO ORANG PALING JAHAT GA!!!! LO GAK BAKAL BAHAGIA GA""",gaga sempet benar lora kamu tinggalin kamu orang jahat tidak kamu tidak bahagia tidak,0
178,Bullying,"""Lu bener' ga.kalo sempet nyakitin lora gue santet!!!!!""",kamu benar tidak kalau sempet menyakiti lora saya santet,0
179,Bullying,"""Si gaga kok kek anjing""",si gaga kek anjing,0
180,Non-bullying,"""Semangat gaga, jangan liat kebelakang fokus aja kedepan, masih muda masih banyak yg lebih baik juga.""",semangat gaga liat kebelakang fokus saja kedepan muda yang,1
181,Bullying,"""Gak ada cantiknya. Gila yang ada""",tidak cantiknya gila,0
182,Non-bullying,"""meldi makin bersinar yaaa, pertahanin karir jgn di sia siain""",meldi bersinar yaaa pertahanin karir jangan sia siain,1
183,Non-bullying,"""Tetap semangat?. sebaik apapun kamu akan dalah Dimata pembenci?..""",semangat apapun dalah dimata pembenci,1
184,Bullying,"""Asli gak ada bebet bobo ni anak. kasihan sekali.""",asli tidak bebet tidur ni anak kasihan,0
185,Bullying,"""kumat? lama semedinya segini keluarnya""",kumat semedinya segini keluarnya,0
186,Bullying,"""Tangannya hitam? beda ama muka""",tangannya hitam beda ama muka,0
187,Bullying,"""Kok meldi di foto aku gendut beda""",meldi foto gendut beda,0
188,Bullying,"""Gatau sih, cantik tapi gak ada aura nya sama sekali . Cantik tapi idih gitu lihatnya , kenapa yaa ??""",gatau sih cantik tidak aura nya cantik idih begitu lihatnya yaa,0
189,Non-bullying,"""Baik buruk nya kamu akan tetap terlihat buruk di mata mereka yang ga menyukai mu..""",buruk nya buruk mata tidak menyukai mu,1
190,Bullying,"""Gila ni siluman,, di story orang lain keliatan banget tumpukan2 lemaknya, buriknya apalagi""",gila ni siluman story orang kelihatan sekali tumpukan2 lemaknya buriknya,0
191,Bullying,"""Dasar Bego lu.. gua jijik sama lu bro kayak gak punya otak banget""",dasar bodoh kamu saya jijik kamu bro mirip tidak otak sekali,0
192,Bullying,"""Lo kira lo bagus tuh begitu anjing wkwkw""",kamu kamu bagus tuh anjing wkwkw,0
193,Non-bullying,"""Di maafin aaa? semoga dia jera untuk kedepannya?""",maafin aaa semoga jera kedepannya,1
194,Bullying,"""Eh bocah mending Lo mati aja GAK guna juga ada orang kayak lo hahahahaha""",eh bocah mending kamu mati saja tidak orang mirip kamu hahahahaha,0
195,Non-bullying,"""Btw yang video tapi boong itu dia buat nya tahun lalu bukan pas masalah yang sekarang kalau gak percaya lihat tribun news jadi jangan hujat dia lagi ya""",btw video bohong nya pas tidak percaya lihat tribun news hujat ya,1
196,Non-bullying,"""Okay bro kalem aja, tetap semangat dan jangan putus asa""",okay bro kalem saja semangat putus asa,1
197,Bullying,"""Lu Mati ajalah . Udah biar gak bikin ribet""",kamu mati saja sudah biar tidak bikin ribet,0
198,Bullying,"""SAMPAH MASYARAKAT HARUS DI MUSNAHKAN SEGERA""",sampah masyarakat musnahkan,0
199,Bullying,"""MATI KAU NAJIS KONTOL BANGSAT MATI KAU""",mati kamu najis kontol bangsat mati kamu,0
200,Bullying,"""youtuber toxic, tutup akunmu sekalian tutup usia""",youtuber toxic tutup akunmu tutup usia,0
201,Non-bullying,"""Pada ribet kayak udah pada benar aja lu semua""",ribet mirip sudah saja kamu,1
202,Non-bullying,"""Jangan ada hitam diatas putih. Langsung proses""",hitam diatas putih langsung proses,1
203,Non-bullying,"""Kalau sayang sama anaknya ya di serahkan aja ke polisi biar di didik sekalian""",sayang anaknya ya serahkan saja polisi biar didik,1
204,Bullying,"""Manusia apa hewan sih kok gak punya hati banget""",manusia hewan sih tidak hati sekali,0
205,Bullying,"""Manusia anjing. Nyari uang gitu amat. Lo kerja aja sama gue nyebokin gue ntar gue gaji lo.""",manusia anjing cari uang begitu kamu kerja saja saya nyebokin saya nanti saya gaji kamu,0
206,Bullying,"""maklum anak kurang pendidikan kayak gitu gak punya akhlak""",maklum anak pendidikan mirip begitu tidak akhlak,0
207,Bullying,"""Anjing memang anak gak tau diri. ibunya sampai nangis2""",anjing anak tidak tahu ibunya nangis2,0
208,Bullying,"""oi babi gue bunuh lu kalau sampai kelihatan sumpah""",oi babi saya bunuh kamu sumpah,0
209,Bullying,"""Heee sampah lu udah gua maafin TAPI BOONG GOBLOK""",heee sampah kamu sudah saya maafin bohong goblok,0
210,Bullying,"""ANJING SINI LO BAKU HANTAM AYO""",anjing kamu baku hantam ayo,0
211,Non-bullying,"""Bangkit ya bang jangan lemah buat pelajaran dan ujian buat lu jadi yang lebih baik lagi bang""",bangkit ya bang lemah pelajaran ujian kamu bang,1
212,Non-bullying,"""Jangan patah semngat kak sukses terus""",patah semngat kak sukses,1
213,Non-bullying,"""Semangat Ferdian gausah dengerin orang yang hujat kamu, karena semua manusia tidak luput dari kesalahan""",semangat ferdian tidak usah dengerin orang hujat manusia luput kesalahan,1
214,Non-bullying,"""Sumpah sekarang aku respect banget sama kamu""",sumpah respect sekali,1
215,Non-bullying,"""Menurutku pribadi, dia tulus minta maafnya?.""",menurutku pribadi tulus maafnya,1
216,Bullying,"""DIKASIH BIDADARI MAUNYA BONEKA SANTET""",dikasih bidadari maunya boneka santet,0
217,Non-bullying,"""Ilang respect gue.. padahal jane udh setia bgt sama lu, tapi lu nya main cewe pas udh keluar dri penjara.. lol""",hilang respect saya jane sudah setia sangat kamu kamu nya main cewek pas sudah dari penjara lol,1
218,Non-bullying,"""Hapus ajh ni poto ngk tau malu bgt lu bang""",hapus saja ni poto tidak tahu malu sangat kamu bang,1
219,Bullying,"""Intinya gasuka ajg selama ada listy . Ngrusak suasana""",intinya tidak suka ajg listy ngrusak suasana,0
220,Bullying,"""Di foto ini ada 2 anjing dan 1 kontol""",foto 2 anjing 1 kontol,0
221,Non-bullying,"""kasian banget Jane udah nunggu keluar penjara eh taunya :), waw sakit siih""",kasihan sekali jane sudah nunggu penjara eh tahunya waw sakit siih,1
222,Bullying,"""Puny cewk baik di selingkuhin g ngotak""",puny cewk selingkuhin tidak ngotak,0
223,Bullying,"""Inget yg di potong itu masalah nya bukan hubungan nya, tapi kalo udah gini sembeleh aja orang nya :) udah terlanjur kecewa""",ingat yang potong nya hubungan nya kalau sudah gini sembeleh saja orang nya sudah terlanjur kecewa,0
224,Non-bullying,"""Ini buat konten.. masa putus foto tabi sama jessica engga dihapus ?""",konten putus foto tabi jessica tidak dihapus,1
225,Non-bullying,"""Tiap mau makan dibikin ama jess tpi malah ngehianatin gila sih""",makan dibikin ama jess tetapi ngehianatin gila sih,1
226,Non-bullying,"""Parah lu bang nama lu udh rusak karna narkoba malah nambah masalah ajh truss""",parah kamu bang nama kamu sudah rusak karena narkoba tambah saja truss,1
227,Bullying,"""Ini anjing Kok mirip ya sama Erick""",anjing ya erick,0
228,Bullying,"""Muka Pas""an sok sok an mau sm lonte lo anjing""",muka pas an sok sok an sama lonte kamu anjing,0
229,Bullying,"""Lu sama anjingnya, lebih baik anjingnya""",kamu anjingnya anjingnya,0
230,Bullying,"""IH ADA BABI JGN MEGANG TUH ANJING HARGA DIRINYA LEBIH TINGGI DRIPADA LO""",ih babi jangan megang tuh anjing harga dripada kamu,0
231,Non-bullying,"""Santuy aja bang ga usah di tanggepin,btw gw suka gaya lo""",santuy saja bang tidak tanggepin btw saya suka gaya kamu,1
232,Bullying,"""Narkoboy kontol, Cuma bisa maen cewe sama nyakitin doang lu anjing, mati aja lu bego""",narkoboy kontol main cewek menyakiti saja kamu anjing mati saja kamu bodoh,0
233,Bullying,"""TETEP PENJARA AJA AJG NYUSAHIN LO KELUAR""",tetap penjara saja ajg nyusahin kamu,0
234,Non-bullying,"""cewe cakep, setia kok disia sia in sahabat""",cewek cakap setia disia sia in sahabat,1
235,Bullying,"""loh kok ak liatnya anjing semua yaa""",loh aku liatnya anjing yaa,0
236,Bullying,"""Anjingnya ada dua kok guys, tapi kok lagi satu gue liat ada babi item""",anjingnya guys saya liat babi hitam,0
237,Bullying,"""Mantan Anjing, eh kebalik anjing mantan""",mantan anjing eh kebalik anjing mantan,0
238,Non-bullying,"""Bikin skandal karena kepengen tenar?""",bikin skandal ingin tenar,1
239,Bullying,"""Wiii anjay kapan lagi liat babi megang 2 anjing""",wiii anjay liat babi megang 2 anjing,0
240,Bullying,"""Ini adalah foto babi sedang memeluk anjing yg pemilik nya adalah bidadari""",foto babi memeluk anjing yang pemilik nya bidadari,0
241,Bullying,"""Babi g pantes nyentuh anjingnya bidadari, nanti kotor.""",babi tidak pantes nyentuh anjingnya bidadari kotor,0
242,Bullying,"""SESAMA ANJING FOTO DULU YA KAN""",anjing foto ya,0
243,Bullying,"""potret seorjing memegang anjing kwkw""",potret seorjing memegang anjing kwkw,0
244,Non-bullying,"""HEH UDH NAPA HATE NYA CAPE GW BACA NYA""",heh sudah kenapa hate nya capai saya baca nya,1
245,Bullying,"""WADUH MALAH LEBIH GANTENG ANJINGNYA. EH EH BAHKAN LU GA PANTES DISEBUT ANJING. ANJING KAN SETIA PANTESNYA SIH BABI HAHAHAHA""",ganteng anjingnya eh eh kamu tidak pantes anjing anjing setia pantesnya sih babi hahahaha,0
246,Bullying,"""kalo lomba sama""an sm babi, babi nya nmr 2""",kalau lomba an sama babi babi nya nomor 2,0
247,Bullying,"""Si anjing ketika berfoto dengan si anjing""",si anjing berfoto si anjing,0
248,Non-bullying,"""Kak jessica yg nungguin+setia sm kk loh pas ad masalah kmrn. Tapi kk ga ngehargain malah lbh milih yg d sono""",kak jessica yang tunggu setia sama kartu keluarga loh pas ada kemarin kartu keluarga tidak ngehargain lebih pilih yang di sono,1
249,Bullying,"""erikontolim manusia babi anak lonte""",erikontolim manusia babi anak lonte,0
250,Non-bullying,"""HARGAILAH HATI WANITA YANG UDH TULUS NEMENIN LO DARI 0!!!""",hargailah hati wanita sudah tulus menemani kamu 0,1
251,Non-bullying,"""Tapi bagus sih erick mutusin Jessica ya karna Erick kelakuan ny begituu coba liat Jessica""",bagus sih erick mutusin jessica ya karena erick kelakuan nya begituu coba liat jessica,1
252,Bullying,"""Anjing sekarang hebat ya, bisa pake kacamata""",anjing hebat ya pakai kacamata,0
253,Non-bullying,"""Sdh lh nasi udah jdi bubur ga bisa lagi dibentuk kek semulaaa""",sudah lh nasi sudah jadi bubur tidak dibentuk kek semulaaa,1
254,Non-bullying,"""Kukira kehadiranmu akan menjadi sesuatu kebanggaan, ternyata tidak""",kukira kehadiranmu kebanggaan,1
255,Bullying,"""Ada 3 Ajg Dan Yg Punya Tato Bener2 Ajg""",3 ajg yang tato benar-benar ajg,0
256,Bullying,"""dasar orang tua gada akhlak,ngajarin anaknya yang ga bener""",dasar orang tua tidak ada akhlak ngajarin anaknya tidak benar,0
257,Non-bullying,"""Erik kenapa sih? Ada yang bisa jelasin gw ga update soalnya.. maap2""",erik sih jelasin saya tidak update maap2,1
258,Bullying,"""Eh jangan dekat dekat sama anjingnya ci Jessica gua lempar lu""",eh anjingnya ci jessica saya lempar kamu,0
259,Non-bullying,"""guys dr pd comment2 mending unfoll sm unsubscribe aja yaa""",guys dari pada comment2 mending unfoll sama unsubscribe saja yaa,1
260,Bullying,"""Babi lagi main ma anjing :)""",babi main ma anjing,0
261,Bullying,"""Dikasi BIDADARI MALAH PILIH BABI""",dikasi bidadari pilih babi,0
262,Non-bullying,"""Postingan pertama jg dihujat dong gila netijen""",postingan juga dihujat gila netijen,1
263,Bullying,"""BARU KALI INI LIHAT ANJING SAMA BABI BAIKAN?""",kali lihat anjing babi baikan,0
264,Bullying,"""Dikasih bidadari malah milih setan""",dikasih bidadari pilih setan,0
265,Non-bullying,"""Padahal gw g mau benci ama lu bro, tpi ada aja tingkah lu yang melenceng:(""",saya tidak benci ama kamu bro tetapi saja tingkah kamu melenceng,1
266,Bullying,"""SIKAP MU LEBIH NAJIS DARIPADA LUDAH ANJING!""",sikap mu najis ludah anjing,0
267,Non-bullying,"""Njir meskipun udh lama nih poto di post tapi masih banyak yg komen baru2""",njir sudah nih poto post yang komen baru2,1
268,Non-bullying,"""kesini cmn mo liat komen aja""",kesini hanya mau liat komen saja,1
269,Non-bullying,"""Buset hate comment ampe postingan paling bawah""",buset hate comment sampai postingan,1
270,Non-bullying,"""Foto di upload nya 20 maret yang comment 1 jam 2 jam 3 jam yg lalu""",foto upload nya 20 maret comment 1 jam 2 jam 3 jam yang,1
271,Bullying,"""Pantes banyak utang buat bayar lonte""",pantes utang bayar lonte,0
272,Bullying,"""2 3 tutup botol muka lu kek kontol wkwk""",2 3 tutup botol muka kamu kek kontol wkwk,0
273,Non-bullying,"""astaga masih pagi dibikin ngakak ama komenan netijen yg ngmng suka bener""",astaga pagi dibikin terbahak-bahak ama komenan netijen yang berbicara suka benar,1
274,Non-bullying,"""Dah lah. Gw capek baca komen kalian""",sudah saya capai baca komen,1
275,Bullying,"""Keliatan bgt anjingnya ketakutan foto sama dakjal""",kelihatan sangat anjingnya ketakutan foto dakjal,0
276,Non-bullying,"""Astaga ngehujat sampe postingan paling bawah""",astaga ngehujat sampai postingan,1
277,Bullying,"""Lebih najis elu daripada anjing!""",najis elu anjing,0
278,Bullying,"""2 ekor anjing dan satu buaya makan jambut""",2 ekor anjing buaya makan jambut,0
279,Bullying,"""Kalo disuruh melihara anjing/eric gw pilih anjing aja meski Najis tapi lebih najisan erick kontol""",kalau disuruh melihara anjing eric saya pilih anjing saja najis najisan erick kontol,0
280,Non-bullying,"""Ngapain si pada ngejudge? Mikir dulu lah dia putus juga sebelum kejadian itu tolol""",ngapain si ngejudge mikir putus kejadian tolol,1
281,Non-bullying,"""Hargai wanitamu dia didekati banyak pria tetapi tetap memilihmu""",hargai wanitamu didekati pria memilihmu,1
282,Bullying,"""Ternyata sipat anjing bukan hanya ada di anjing doang ya,di manusia sipat anjing juga ternyata ada""",sipat anjing anjing saja ya manusia sipat anjing,0
283,Bullying,"""Potret ketika anjing poto dengan setan""",potret anjing poto setan,0
284,Bullying,"""BANTU BEDAINN WOYY MANA ANJING MANA BABI""",bantu bedainn woyy anjing babi,0
285,Non-bullying,"""Udaah woii udahh lu gak kasihan apa?. Aku capek ngelike komenan kalian""",udaah woii udahh kamu tidak kasihan capai ngelike komenan,1
286,Bullying,"""3 anjing 1 anjing berwujud manusia, 2 anjing asli tak ada perwujudan aowkwkw""",3 anjing 1 anjing berwujud manusia 2 anjing asli perwujudan aowkwkw,0
287,Bullying,"""Kasian gue sama anjingnya dipegang dajjal""",kasihan saya anjingnya dipegang dajjal,0
288,Bullying,"""Kasian anjing nya di pegang babi""",kasihan anjing nya pegang babi,0
289,Bullying,"""Lo itu kontol gak guna ajg anak dakjal""",kamu kontol tidak ajg anak dakjal,0
290,Bullying,"""mukak lu lebih buruk daripada anjing lu""",mukak kamu buruk anjing kamu,0
291,Bullying,"""dikasi yang bening malah milih yang dakian""",dikasi bening pilih dakian,0
292,Bullying,"""Mending masuk penjara lagi aja dah seumur hidup""",mending masuk penjara saja sudah seumur hidup,0
293,Bullying,"""Kok lbih lucu anjingnya ya ktimbang orangnya""",lebih lucu anjingnya ya ktimbang orangnya,0
294,Bullying,"""Akhirnya jesica bisa lepas dari kambing hitam ini""",jesica lepas kambing hitam,0
295,Non-bullying,"""Maafin Aja Bro Semua Orang Pasti Ada Kesalahan Dia Juga Pasti Ada Kesalahan Nasehatin Aja Siapa Tau Dia Berubah""",maafin saja bro orang kesalahan kesalahan nasehatin saja tahu berubah,1
296,Bullying,"""Kasian anjingnya dipeluk sma sampahh""",kasihan anjingnya dipeluk sma sampahh,0
297,Non-bullying,"""Gua kira keluar dari PENJARA bisa berubah""",saya penjara berubah,1
298,Non-bullying,"""Cintamu hanya sebatas kertas wkwkw enteng bang""",cintamu sebatas kertas wkwkw enteng bang,1
299,Non-bullying,"""Padahal sejak dia sama Jane aku lebih respect :( skrg bener2 udah hilang respect :(""",jane respect sekarang benar-benar sudah hilang respect,1
300,Bullying,"""udah nemenin dari masa tersulit lo pas udah keluar malah selingkuh, ga nyangka idola gua sesampah itu.""",sudah menemani tersulit kamu pas sudah selingkuh tidak sangka idola saya sesampah,0
301,Non-bullying,"""Dihujat habis""an semua postingan lama ada komen baru wkwk""",dihujat habis an postingan komen wkwk,1
302,Bullying,"""Gua gabisa bedain mana anjing mana manusia, keliatannya sama""",saya tidak bisa bedain anjing manusia keliatannya,0
303,Non-bullying,"""Lu mirip anaknya kick andy yg namanya marlo bang""",kamu anaknya kick andy yang namanya marlo bang,1
304,Non-bullying,"""Kenapa ada orang baik ? Karna ada orang jahat""",orang karena orang jahat,1
305,Non-bullying,"""Ngga ada niatan ngadain pengajian gitu bang?""",tidak niatan mengadakan pengajian begitu bang,1
306,Non-bullying,"""Suka banget sama rambutnyaa tambah ganteng""",suka sekali rambutnyaa ganteng,1
307,Bullying,"""@abatartila Ada ada aja kaya gini di bilang king, king muke nya udh kaya tai musang""",<USERNAME> saja kaya gini bilang king king muka nya sudah kaya tai musang,0
308,Bullying,"""Ninggalin berlian demi tai babi dih""",tinggalkan berlian tai babi dih,0
309,Bullying,"""ganteng kaga lu begitu malah keliatan kaya daki kontol""",ganteng kaga kamu kelihatan kaya daki kontol,0
310,Bullying,"""Mukak lo kayak tapir kuda asu sok ganteng banget lo""",mukak kamu mirip tapir kuda asu sok ganteng sekali kamu,0
311,Non-bullying,"""Banyak yg kecewa karena lu begini rik!!!!""",yang kecewa kamu rik,1
312,Bullying,"""Maap ye?muke lu udh jelek kaga usah sok selingkuh,cakepan anjing gua noh""",maaf ye muka kamu sudah jelek kaga sok selingkuh cakepan anjing saya noh,0
313,Bullying,"""Apa si hebatnya banci yg badannya penuh koreng kaya lo""",si hebatnya banci yang badannya penuh koreng kaya kamu,0
314,Bullying,"""Gini dong bersihan kaga kek tahun tahun sebelumnya dekil""",gini bersihan kaga kek dekil,0
315,Bullying,"""Muka lu keriput kek aki aki""",muka kamu keriput kek aki aki,0
316,Non-bullying,"""Foto jelek dihujat, foto ganteng dibilang sok ganteng""",foto jelek dihujat foto ganteng dibilang sok ganteng,1
317,Bullying,"""kebanyakan nyabu jadi kurus lu""",kebanyakan nyabu kurus kamu,0
318,Bullying,"""NARKOBOYY NGELUARIN LIDAHH, AJG MAU APA, MAU TES URIN""",narkoboyy ngeluarin lidahh ajg tes urin,0
319,Bullying,"""Fotolu pede anjrit muka lu tu anjrit""",fotolu pede anjrit muka kamu itu anjrit,0
320,Bullying,"""Hidup itu jngn keterlaluan boss playboy amat ajg luu""",hidup jangan boss playboy ajg luu,0
321,Bullying,"""Mukalu kek aktor bokep bgst mending ngobat aja luu""",mukalu kek aktor bokep bgst mending ngobat saja luu,0
322,Bullying,"""dah jelek semangattt pulak WKWK""",sudah jelek semangattt pulak wkwk,0
323,Bullying,"""Muka nya kok gitu, seren bikin mual liatnya""",muka nya begitu seren bikin mual liatnya,0
324,Bullying,"""Sana anjing ngewe ama lonte bangsat""",anjing ngewe ama lonte bangsat,0
325,Bullying,"""Muka kek kontol mending di penjara""",muka kek kontol mending penjara,0
326,Bullying,"""muka kek banci dih najis""",muka kek banci dih najis,0
327,Bullying,"""Ntar Mati dalam keadaan konyol""",nanti mati konyol,0
328,Bullying,"""mau bilang jelek nya ga enak hehe ?""",bilang jelek nya tidak enak hehe,0
329,Bullying,"""Idihhhhh pantesan aja foto nya keluarin lidah kyk gtu. Trnyata tukang jilat?""",idihhhhh pantas saja foto nya keluarin lidah seperti begitu ternyata tukang jilat,0
330,Bullying,"""NIH ORANG KALO LOMBA MIRIP BABI,BABINYA JUARA 2""",nih orang kalau lomba babi babinya juara 2,0
331,Bullying,"""Titisan dakjal emg lo nyet""",titisan dakjal memang kamu nyet,0
332,Bullying,"""Et muka lu aje gitu dih hahaha. Biarin aja sampah ketemu sampah biar busuk bersama""",et muka kamu saja begitu dih hahaha biarin saja sampah ketemu sampah biar busuk,0
333,Bullying,"""Jijik astagah sok bat cakep njs""",jijik astagah sok bat cakap njs,0
334,Non-bullying,"""Bully an di ig lebih ngeri daripada di fb ajg gua jadi ngerii! Ajgg",bully an ig ngeri facebook ajg saya ngerii ajgg,1
335,Bullying,"""udah buriq brengsek pula pantes aja dapet lonte""",sudah buriq brengsek pantes saja dapat lonte,0
336,Bullying,"""MUKA KAMPUNG GAYA SOK SOAN KOTA NYET""",muka kampung gaya sok soan kota nyet,0
337,Bullying,"""Ngapa lidah Lo stroke amin deh kalau gtu""",ngapa lidah kamu stroke amin deh begitu,0
338,Bullying,"""Ciah dihujat 1 Indonesia jangan sampe bunuh diri ya komtoll kami blom puas nguat kauuu""",ciah dihujat 1 indonesia sampai bunuh ya komtoll belum puas nguat kauuu,0
339,Bullying,"""Org kampung otak dusun gaya sosoan hype. Ttep aja gabisa nutupin muka babu lu.""",orang kampung otak dusun gaya sosoan hype tetap saja tidak bisa nutupin muka babu kamu,0
340,Bullying,"""Cowo foto liatin lidah nya jam ah jijik gue. Apa lagi minus akhlak kek gini""",cowok foto lihat lidah nya jam ah jijik saya minus akhlak kek gini,0
341,Bullying,"""ANJING gue jg ogah liat muke lu""",anjing saya juga ogah liat muka kamu,0
342,Non-bullying,"""G bole melet dosaa rik""",tidak boleh melet dosaa rik,1
343,Bullying,"""paan melet melet mau jilat tai tabi?""",paan melet melet jilat tai tabi,0
344,Bullying,"""Setan emg melet2 teross jijik asuuu""",setan memang melet2 teross jijik asuuu,0
345,Bullying,"""ni anak lahir krna kondom bocor.. ga ada rasa syukur muka kyk selangkangan gorilla dpt cewe cntik kyk jessica setia dll malah di sia2in bgsad""",ni anak lahir karena kondom bocor tidak syukur muka seperti selangkangan gorilla dapat cewek cntik seperti jessica setia dan lain lain sia2in bgsad,0
346,Bullying,"""Apaan si melet2 sok ganteng""",si melet2 sok ganteng,0
347,Bullying,"""Muka kek slangkangan biawak aje bnyk blagu lu""",muka kek slangkangan biawak saja banyak blagu kamu,0
348,Non-bullying,"""Sumpah sih jahat banget. Bener2 kasian sama kak jessica""",sumpah sih jahat sekali benar-benar kasihan kak jessica,1
349,Bullying,"""Anjing gk pantes sama bidadari.""",anjing tidak pantes bidadari,0
350,Bullying,"""MELET MULU SETAN KAYA ULAR""",melet terus setan kaya ular,0
351,Bullying,"""Njr melet melet gw kirain hewan""",njr melet melet saya kirain hewan,0
352,Bullying,"""Gtu aj dh kek anjg lo kang""",begitu saja deh kek anjg kamu kang,0
353,Non-bullying,"""Gw kesini pengen liat babang ini.. Sumpah feeling gw bener.. Mirip banget ama Reynhard Sinaga""",saya kesini pengen liat babang sumpah feeling saya benar sekali ama reynhard sinaga,1
354,Bullying,"""Ih ko melet2 si kaya hewan aja wkwkwkwk""",ih ko melet2 si kaya hewan saja wkwkwkwk,0
355,Bullying,"""Iuu milih iblis drpd bidadarii kwkwkw jyjyq""",iuu pilih iblis daripada bidadarii kwkwkw jyjyq,0
356,Bullying,"""MELET2 UDAH KAYA ANJING, EH KAN EMAH ANJING""",melet2 sudah kaya anjing eh emah anjing,0
357,Bullying,"""ga nyadar aja nih sampah HAHA""",tidak nyadar saja nih sampah haha,0
358,Bullying,"""Lidah banyak kuman and virus nih""",lidah kuman and virus nih,0
359,Non-bullying,"""Awalnya ngira baju endorse dari KFC, mirip '-'""",ngira baju endorse kfc,1
360,Non-bullying,"""GUA MAU LO TERUS BERKARYA , PERBAIKI, TINGGALKAN YG NEGATIF , TIDAK ADA KATA TERLAMBAT , TTP JADI ORANG YG HEBAT DAN SELALU BAHAGIA @xrickolim""",saya kamu berkarya perbaiki tinggalkan yang negatif terlambat tetap orang yang hebat bahagia <USERNAME>,1
361,Bullying,"""Cita cita ingin jadi pakboi , eh tapi malah jadi narkoboy nasib-nasib""",cita cita pakboi eh narkoboy nasib nasib,0
362,Bullying,"""Napa lu balik dari penjara sih?""",kenapa kamu penjara sih,0
363,Non-bullying,"""Mending lu pada tobat dah""",mending kamu tobat sudah,1
364,Bullying,"""selama dipenjara apalo sikat gigi? KOK BAU YA, BAUBAU AROMA BANGSATTTT""",dipenjara apalo sikat gigi bau ya baubau aroma bangsatttt,0
365,Bullying,"""Gigi lo ada apanya? Jigong? Atau kondom nya nyangkut?""",gigi kamu apanya jigong kondom nya nyangkut,0
366,Bullying,"""ih mukanya kek anjing rumah gwa""",ih mukanya kek anjing rumah gwa,0
367,Bullying,"""woi anak anjing ngapain lu hidup bgst""",woi anak anjing ngapain kamu hidup bgst,0
368,Bullying,"""Udah jelek gak usah d jelek2 in lagi bro""",sudah jelek tidak di jelek2 in bro,0
369,Bullying,"""Ganteng kagak berbakat juga kagak kelebihannya dimana cobak?""",ganteng tidak berbakat tidak kelebihannya di mana cobak,0
370,Bullying,"""Benci aja Ama orang jelek pake selingkuh segala""",benci saja ama orang jelek pakai selingkuh,0
371,Bullying,"""Udah tutup mulut nya bau kambing""",sudah tutup mulut nya bau kambing,0
372,Bullying,"""Jualan jualan knp ngga jadi yutuber lagi bro takut ngga ada yg nntn yah""",jualan jualan kenapa tidak yutuber bro takut tidak yang nonton yah,0
373,Non-bullying,"""Kayak Randy Pangalila klo gk pake kacamata""",mirip randy pangalila kalau tidak pakai kacamata,1
374,Non-bullying,"""Entah knp liat muka BG Eric sekarang kaya enak gitu .. dari pada yg dulu""",kenapa liat muka bagi eric kaya enak begitu yang,1
375,Bullying,"""Apa ganteng nyasih anjing.. Kucel gini jadiin model""",ganteng nyasih anjing kucel gini jadi model,0
376,Bullying,"""keknya dia ngeliat masa depan yang hancur deh""",sepertinya ngeliat hancur deh,0
377,Bullying,"""INGETT HIDUP LO DULU GA SEENAK INI RIKKK. HIDUP LO SUSAH!!!! SALAM TEMEN SMP PAS LO BURIKKK. EH SKRG SAMA AJA""",ingett hidup kamu tidak seenak rikkk hidup kamu susah salam teman smp pas kamu burikkk eh sekarang saja,0
378,Bullying,"""Yaaaa yaaa kalo liat muka nya sumpah ngeselin banget dah?.oprasi dulu sono..biar gantengan dikit.. Dan kalo jln ke mall gk di kenal orng.""",yaaaa yaaa kalau liat muka nya sumpah ngeselin sekali sudah operasi sono biar gantengan sedikit kalau jalan mall tidak kenal orang,0
379,Bullying,"""dia ini siapa sih??? Artis bukan, jelek mah iya mukanya iyuhhh""",sih artis jelek mah iya mukanya iyuhhh,0
380,Bullying,"""Ini bukan era lo lagi, mending lo mati aja babi. Kalo baca bales nyet""",era kamu mending kamu mati saja babi kalau baca balas nyet,0
381,Non-bullying,"""Saya segenap hati minta maap""",segenap hati maaf,1
382,Bullying,"""Dulu Bahagia Sekarang Banyak Utang""",bahagia utang,0
383,Non-bullying,"""Harus lebih maju berkelas rik!! Ga jamannya lg toxic dan ga beraturan.. build sistem!! You will be BIG""",maju berkelas rik tidak jamannya lagi toxic tidak beraturan build sistem you will be big,1
384,Non-bullying,"""editan sama konsepnya nice banget lahhh""",editan konsepnya nice sekali lahhh,1
385,Bullying,"""iri kok sama babi hahah najis""",iri babi hahah najis,0
386,Bullying,"""LO YANG DULU BUKANLAH YANG SEKARANG DULU KAYA ANJING SEKARANG KAYA BABI""",kamu kaya anjing kaya babi,0
387,Bullying,"""Jelek aja tukang selingkuh lo buriq !""",jelek saja tukang selingkuh kamu buriq,0
388,Non-bullying,"""kok kalian komennya pada kek gini ya""",komennya kek gini ya,1
389,Bullying,"""Rick lu tuh jadi manusia kek gk ada gunanya lu dilahirin kedunia untuk berbuat baik, sayang nya lu ngecewain org lain gimana mo masuk surga""",rick kamu tuh manusia kek tidak gunanya kamu dilahirin kedunia berbuat sayang nya kamu ngecewain orang gimana mau masuk surga,0
390,Non-bullying,"""Kalian kaloga cocok mau di paksain?""",kaloga cocok paksain,1
391,Non-bullying,"""ya biarin @xrickolim kita gatau gimana aslinya masa kalian semua ambil keputusan sepihak?kalo udah takdir gaada yang bisa nentang njir""",ya biarin <USERNAME> gatau gimana aslinya ambil keputusan kalau sudah takdir tidak ada nentang njir,1
392,Bullying,"""Cocok kok, emang orang baik mah buat org baik, kalo yg bejat mah emang cocok buat yang bejat juga ehehe""",cocok memang orang mah orang kalau yang bejat mah memang cocok bejat ehehe,0
393,Bullying,"""ERICK GOBLOK,MALAH PACARAN AMA LONTE ANJ,SO BAT""",erick goblok pacaran ama lonte anj so bat,0
394,Bullying,"""Cocok banget sama2 orang gak bener biar lah dia hancur bersama""",cocok sekali sama2 orang tidak benar biar hancur,0
395,Bullying,"""EH KEK ADA PENAMPAKAN LONTE""",eh kek penampakan lonte,0
396,Bullying,"""Meninggalkan berlian demi Tai Sapi""",meninggalkan berlian tai sapi,0
397,Bullying,"""Ini bukan era lo lgi, wkwkw skrng lo penuh dengan cacimaki, telen ludah sendiri""",era kamu lagi wkwkw sekarang kamu penuh cacimaki telen ludah,0
398,Bullying,"""Pantes disini mulainya si ajg berulah""",pantes mulainya si ajg berulah,0
399,Bullying,"""Open BO ga bang si listy? Kebetulan ada om-om yg nyari cwe yg udah pengalaman!!!!""",open bo tidak bang si listy om om yang cari cewek yang sudah pengalaman,0
400,Bullying,"""Buah nangka buah kemanggi gak ada akhlak lu babi""",buah nangka buah kemanggi tidak akhlak kamu babi,0
401,Bullying,"""Perlahan karirmu ancur bro dan lu akan kembali kebawan""",perlahan karirmu hancur bro kamu kebawan,0
402,Bullying,"""Biarkan @sk69official bangkrut aja. CEO nya gatau trimakasih haha""",biarkan <USERNAME> bangkrut saja ceo nya gatau terima kasih haha,0
403,Bullying,"""ngapain juga nginap di rumah cowo, gaada keluarga lg lo?""",ngapain nginap rumah cowok tidak ada keluarga lagi kamu,0
404,Bullying,"""Eh ada pelakor, pas banget frame ke tiga, orang ke 3""",eh pelakor pas sekali frame orang 3,0
405,Bullying,"""Anak gblk dikasi berlian malah milih kerikil""",anak gblk dikasi berlian pilih kerikil,0
406,Bullying,"""Dikasih bidadari malah milih dajjal awokawok:v""",dikasih bidadari pilih dajjal awokawok v,0
407,Non-bullying,"""Jangan cuman bisa ngehina Dong Sadar Kalian Itu Ga sempurna sama kaya kami""",hanya ngehina sadar tidak sempurna kaya,1
408,Bullying,"""Kesihan gue sama org otak dangkal kek gini""",kesihan saya orang otak dangkal kek gini,0
409,Bullying,"""Murahh banget lo jijik gue ?. Dikick EVOS mlah open BO""",murahh sekali kamu jijik saya dikick evos malah open bo,0
410,Bullying,"""senengnya sekali nyesel nya seumur hidup, miris banget hidup lu tolol meninggalkan berlian yang indah dipandang dan di sayang demi segumpal tai kucing""",senengnya menyesal nya seumur hidup miris sekali hidup kamu tolol meninggalkan berlian indah dipandang sayang segumpal tai kucing,0
411,Bullying,"""Indahnya pemandangan banyak LonT lonT mau di jual""",indahnya pemandangan lont lont jual,0
412,Bullying,"""bidadari sudah ditunjukan , bahwa mmg g pantes sma dajjal g tau diri""",bidadari ditunjukan memang tidak pantes sma dajjal tidak tahu,0
413,Non-bullying,"""siapapun tolong kasih tau aku ini masalah nya apaa gais""",tolong kasih tahu nya apaa gais,1
414,Bullying,"""dikasih hati yg malaikat milih yg berhati iblis greget:(""",dikasih hati yang malaikat pilih yang berhati iblis greget,0
415,Bullying,"""Di kasih bidadari malah pilih kotoran""",kasih bidadari pilih kotoran,0
416,Bullying,"""Dikasih bidadari malah minta lonte""",dikasih bidadari lonte,0
417,Bullying,"""Gajadi beli Model murahan barang pasti murahan""",tidak jadi beli model murahan barang murahan,0
418,Bullying,"""Modelny aja murahan apalagi barangnya""",modelny saja murahan barangnya,0
419,Bullying,"""muka macem pengamen gegayaan selingkuh, untung udh ga sm jane lg, kebanting sm jane muke lu""",muka macem pengamen gegayaan selingkuh untung sudah tidak sama jane lagi kebanting sama jane muka kamu,0
420,Bullying,"""Males beli gua,gara gara ada lonte""",males beli saya gara gara lonte,0
421,Bullying,"""Padahal bulug gini ya mukanya.. ehh,, maaf..""",bulug gini ya mukanya ehh maaf,0
422,Non-bullying,"""Padahal cantikan jessica kemana mana""",cantikan jessica ke mana,1
423,Bullying,"""Dikasih bidadari malah milih sampah""",dikasih bidadari pilih sampah,0
424,Bullying,"""yaelah muka pas""an aja bangga lu njing""",yaelah muka pas an saja bangga kamu njing,0
425,Bullying,"""Wah ibarat lebih milih iblis daripada bidadari haha""",pilih iblis bidadari haha,0
426,Bullying,"""@rangga_kanahaya knp gk truck sampah, kek mukanya sampah""",<USERNAME> kenapa tidak truck sampah kek mukanya sampah,0
427,Bullying,"""Gajadi beli, takut ketularan lonte nya""",tidak jadi beli takut ketularan lonte nya,0
428,Non-bullying,"""hanya bisa melihat hujatan klean kasian si listy kontrak nya d copot , di hujat memang dunia sgt kejam""",hujatan klean kasihan si listy kontrak nya di copot hujat dunia sangat kejam,1
429,Bullying,"""Jangan beli baju lonte entar kena sial""",beli baju lonte nanti kena sial,0
430,Bullying,"""Dasar cewe lo itu LONTE tau kau!""",dasar cewek kamu lonte tahu kamu,0
431,Non-bullying,"""Disini pada kenapa dah? Aku gapaham tolong""",sudah gapaham tolong,1
432,Bullying,"""Itu ditengah manusia apa monyet kok kulitnya bercorak batik""",ditengah manusia monyet kulitnya bercorak batik,0
433,Bullying,"""Muka lu sama anjing gwe..lebih ganteng anjing gwe rik""",muka kamu anjing gwe ganteng anjing gwe rik,0
434,Bullying,"""Buat kalian para pens lonte jgn tkut listi Miskin krna dipecat, krna dia bsa kaya lgi, dgn cara ya nglonte""",pens lonte jangan takut listi miskin karena dipecat karena bisa kaya lagi dengan ya nglonte,0
435,Bullying,"""Etdah ninggalin yang baik demi lonte, situ waras mas wkwk""",etdah tinggalkan lonte situ waras mas wkwk,0
436,Bullying,"""Gw melihat cewek murahan di postingan ini""",saya cewek murahan postingan,0
437,Bullying,"""yang kedua dari sebelah kanan itu batik apa orang dah? kok warna nya kek taek babi si?""",sebelah kanan batik orang sudah warna nya kek taek babi si,0
438,Bullying,"""Ih ko muka jelek banget siii serem kek setan""",ih ko muka jelek sekali siii seram kek setan,0
439,Bullying,"""Itu yang foto ketiga jablay murahan bukan?""",foto ketiga jablay murahan,0
440,Bullying,"""Jelek aja tukang selingkuh lo buriq !!!!""",jelek saja tukang selingkuh kamu buriq,0
441,Non-bullying,"""Emang kalian se suci apa sampai nghina dia segitu nya""",memang suci nghina segitu nya,1
442,Non-bullying,"""Mending yang follow pada unfollow Udeh gausah ribet""",mending follow unfollow sudah tidak usah ribet,1
443,Bullying,"""Dekil tatoan, mampus karir Lo hancurr pantek""",dekil tatoan mampus karir kamu hancurr pantek,0
444,Bullying,"""Udah ada berlian malah milih batu nisan""",sudah berlian pilih batu nisan,0
445,Bullying,"""Alasan setan ama setan, KARNA KALO SETAN SAMA BIDADARI, SAYAPNYA RONTOK, DICEKER, DIGIGIT, DIJAMBAK2""",alasan setan ama setan karena kalau setan bidadari sayapnya rontok diceker digigit dijambak2,0
446,Bullying,"""Lagian juga Erick gak ada akhlak jelek lagi Listy juga jelek""",erick tidak akhlak jelek listy jelek,0
447,Bullying,"""Setan ma setan mahh emg cocokk udee""",setan ma setan mahh memang cocokk udee,0
448,Bullying,"""Lonte kurus pucet kek mayat hidup""",lonte kurus pucet kek mayat hidup,0
449,Bullying,"""Itu muka apa tutup panci wkwkekek jelek nya ampe ke ubun ubun""",muka tutup panci wkwkekek jelek nya sampai ubun ubun,0
450,Non-bullying,"""@xrickolim smngat trus bro tiada manusia yg sempurna kmu pasti bisa bangkit n jadi lebih baik GBU keepstrong""",<USERNAME> smngat terus bro tiada manusia yang sempurna kamu bangkit n gbu keepstrong,1
451,Bullying,"""bego anak orang udah ga perawan noh gara"" lu wkwkw""",bodoh anak orang sudah tidak perawan noh gara kamu wkwkw,0
452,Bullying,"""Frustasi..Sudah habis uangnya..Kasihannn""",frustasi habis uangnya kasihannn,0
453,Non-bullying,"""Bro buat lu pada yg ngehujat erick tpi masih punya masala sendiri jangan sok keras""",bro kamu yang ngehujat erick tetapi masalah sok keras,1
454,Non-bullying,"""Semangat Rick untuk usaha barunya""",semangat rick usaha barunya,1
455,Bullying,"""Hadehh muka kaya tong sampah .""",hadehh muka kaya tong sampah,0
456,Non-bullying,"""banyak banget omongan kasar disini, tobat lah kawan kawan.. cukup comment kasar nya""",sekali omongan kasar tobat kawan kawan comment kasar nya,1
457,Bullying,"""Ni org jelek ga ada obat.kok jj mau liat apa ya..""",ni orang jelek tidak obat jj liat ya,0
458,Non-bullying,"""Semangat bang, walaupun banyak orang yang ngejudge lu. Jangan peduliin mereka""",semangat bang orang ngejudge kamu peduliin,1
459,Non-bullying,"""Tuhan yesus baik semangat rick""",tuhan yesus semangat rick,1
460,Non-bullying,"""Jangan di bales komen hate bang bikin sakit jempol, mending lanjut berkarya:)""",balas komen hate bang bikin sakit jempol mending berkarya,1
461,Bullying,"""Eh lo nyadar ga ? Udah dekil terus tatoan, jadi nya kaya daki haha""",eh kamu nyadar tidak sudah dekil tatoan nya kaya daki haha,0
462,Bullying,"""jelek dapet selingkuhan jelek juga keren yaa imbang wkkw""",jelek dapat selingkuhan jelek keren yaa imbang wkkw,0
463,Non-bullying,"""Wah ngehina fisik ni orang,ga bener ya wkwkwkwk""",ngehina fisik ni orang tidak benar ya wkwkwkwk,1
464,Bullying,"""BUNUH DIRI LAH SONO GOBLOX""",bunuh sono goblox,0
465,Non-bullying,"""Sabar semua komentar ini ujian""",sabar komentar ujian,1
466,Non-bullying,"""Santai rick yg ngehujat lo belom tau perjalanan hidup lo aja! Mereka hanya sok suci!""",santai rick yang ngehujat kamu belum tahu perjalanan hidup kamu saja sok suci,1
467,Non-bullying,"""Yang sabar yah,tetep semangat ngejar karirnya jangan dengerin kata orang mereka Cuma bisa ngebacot di komen doank""",sabar yah tetap semangat ngejar karirnya dengerin orang ngebacot komen saja,1
468,Bullying,"""Erick masuk neraka jalur selingkuh bos""",erick masuk neraka jalur selingkuh bos,0
469,Non-bullying,"""Trs berkarya walaupun brd di titik sprti ini""",terus berkarya brd titik seperti,1
470,Non-bullying,"""Stop lah ngatain orang lain lu pada itu yg ngatain orang lain ngaca dlu sebelum ngatain kayak suci aja hidup lu pada""",stop ngatain orang kamu yang ngatain orang ngaca dulu ngatain mirip suci saja hidup kamu,1
471,Non-bullying,"""Yang ngatain keknya idupnya gapernag bikin kesalahan""",ngatain sepertinya idupnya gapernag bikin kesalahan,1
472,Bullying,"""Jadi gila kau rupanya karna gak laku lagi di YouTube""",gila kamu karena tidak laku youtube,0
473,Bullying,"""Kasian yah sdh stress banyak masalah""",kasihan yah sudah stress,0
474,Bullying,"""Kok jatohnya malah kek ajg sih rikkk""",jatohnya kek ajg sih rikkk,0
475,Bullying,"""Karir turun jadi autis kasian hahah""",karir turun autis kasihan hahah,0
476,Non-bullying,"""erick yang kek gini yang gua kangenin, keep it up bruuh""",erick kek gini saya kangenin keep itu up bruuh,1
477,Bullying,"""Udah mau autis iya bg awokawkk""",sudah autis iya bagi awokawkk,0
478,Bullying,"""Kasian masih muda udah stresss""",kasihan muda sudah stresss,0
479,Non-bullying,"""Banyak komen yg support malah ketutup yg hate bgst emang IG""",komen yang support ketutup yang hate bgst memang ig,1
480,Non-bullying,"""Maudy cantik na natural bnr2 cantik bgt, cantik luar dlm""",maudy cantik na natural bnr2 cantik sangat cantik dalam,1
481,Non-bullying,"""Bikin konten YouTube Student life at standford @maudyayunda seperti waktu S1 at Oxford. Fansmu pada nungguin nih.""",bikin konten youtube student life at standford <USERNAME> s1 at oxford fansmu tunggu nih,1
482,Non-bullying,"""Aura org pinter emg shining ya bun @hy_dindut""",aura orang pintar memang shining ya bun <USERNAME>,1
483,Non-bullying,"""Paket lengkap deh.. udh cantik pintar lagi""",paket lengkap deh sudah cantik pintar,1
484,Non-bullying,"""Sukaa bnget sm artis ini? nggak neko2.. dan natural bngett""",sukaa sangat sama artis tidak neko2 natural bngett,1
485,Non-bullying,"""Cantik, pintar bertalenta, ortu mana yg gak kepengen punya anak kyk mba maudy""",cantik pintar bertalenta orangtua yang tidak ingin anak seperti mba maudy,1
486,Bullying,"""Idih mak lampir, dibanding uya ma lu, lu bagaikan butiran debu,, lu dikenal karena bacot? rajin2 ngaca deh""",idih mak lampir dibanding uya ma kamu kamu butiran debu kamu dikenal bacot rajin2 ngaca deh,0
487,Bullying,"""Anjirlah muka lo kek kuntilanak malah sok cantik""",anjirlah muka kamu kek kuntilanak sok cantik,0
488,Bullying,"""Mbak cadel yg bangga dengan cadelnya,, Harusnya sih kasihan karna cadel tapi lama"" jadi jijik kenapa gak sekalian bisu aja""",mbak cadel yang bangga cadelnya sih kasihan karena cadel jijik tidak bisu saja,0
489,Non-bullying,"""Uda pinter, cantik gak kebanyakan tingkah. Perfect""",sudah pintar cantik tidak kebanyakan tingkah perfect,1
490,Non-bullying,"""Hati-hati mody jangan keluar sendirian jaga-jaga serangan brutal rasisme, wajahmu sekilas mirip onnie2 korea. Tetap waspada""",hati hati mody jaga jaga serangan brutal rasisme wajahmu sekilas onnie2 korea waspada,1
491,Non-bullying,"""Bikin konten Youtube daily activity di Stanford dong kak @maudyayunda""",bikin konten youtube daily activity stanford kak <USERNAME>,1
492,Non-bullying,"""Motivasi ku ka Maudy cantipp bngt""",motivasi aku ka maudy cantipp sangat,1
493,Non-bullying,"""Semoga kecerdasan Mbak Maudy bermanfaat bagi agama, nusa, dan bangsa.. Aamiin""",semoga kecerdasan mbak maudy bermanfaat agama nusa bangsa aamiin,1
494,Non-bullying,"""Damage nya cewek pinter gada lawann""",damage nya cewek pintar tidak ada lawann,1
495,Bullying,"""cantikan waktu berisi dulu? sekarang kurus bgt, kurus begini auranya kurang""",cantikan berisi kurus sangat kurus auranya,0
496,Bullying,"""cantik sih, tapi sayang kurus ya. padahl udh nikah lo, kurang bahagia sama pernikahannya?""",cantik sih sayang kurus ya padahl sudah nikah kamu bahagia pernikahannya,0
497,Non-bullying,"""masih good vibes walaupun sedang lapar""",good vibes lapar,1
498,Non-bullying,"""kakak cantik bgt bismillah cerdasnya nular""",kakak cantik sangat bismillah cerdasnya nular,1
499,Bullying,"""Bego lu. Alam semesta dan seisinya pun serentak murka mendengarkan lagumu""",bodoh kamu alam semesta seisinya serentak murka mendengarkan lagumu,0
500,Non-bullying,"""Dua2 nya cantik banget masya Allah""",dua2 nya cantik sekali masya allah,1
501,Non-bullying,"""ka nisa mirip ariana grande masa""",ka nisa ariana grande,1
502,Non-bullying,"""Adiknya Kak Maudy, cantik, pinter, aura positifnya keluar, ramah, lemah lembut, rajin, sholeha""",adiknya kak maudy cantik pintar aura positifnya ramah lemah lembut rajin sholeha,1
503,Non-bullying,"""Sekilas yg abu mirip ariana grande haha""",sekilas yang abu ariana grande haha,1
504,Non-bullying,"""Yang satu nya mirip Ariana grande""",nya ariana grande,1
505,Non-bullying,"""Kakak sama adek sama sama cantik ya aku suka sama dua duanya""",kakak adik cantik ya suka duanya,1
506,Non-bullying,"""Rambutnya kak modd bagussss? Item berkilauu""",rambutnya kak modd bagussss hitam berkilauu,1
507,Non-bullying,"""Cantik semua congrats kak msuk nominsi tc candler""",cantik congrats kak msuk nominsi tc candler,1
508,Non-bullying,"""Maudy enak bet dah cantik iya pinter iya""",maudy enak bet sudah cantik iya pintar iya,1
509,Non-bullying,"""kukira dedeknya berdiri itu mau mukul bang jer pake ukulele? ternyata aku salah salah :""""",kukira dedeknya berdiri mukul bang jer pakai ukulele salah salah,1
510,Non-bullying,"""Bang jerome KLO nyanyiny kek gini bagus suaranya ganyangkaaa""",bang jerome kalau nyanyiny kek gini bagus suaranya ganyangkaaa,1
511,Non-bullying,"""Sutan kamu sangat lucu dan menggemaskan""",sutan lucu menggemaskan,1
512,Non-bullying,"""Bang sering-sering dong buat vidio bareng sutan dia kayanya juga seneng ama bang jerom""",bang vidio bareng sutan kayaknya senang ama bang jerom,1
513,Non-bullying,"""Klu @jeromepoline buat video tapi berdua aja seharian sama anak kecil, hahah lucu juga gimana riwehnya""",kalau <USERNAME> video berdua saja seharian anak hahah lucu gimana riwehnya,1
514,Bullying,"""Muka lu kok cabul banget sih bg hahah""",muka kamu cabul sekali sih bagi hahah,0
515,Bullying,"""Dari raut mukanya aja udh terlihat seperti org kalah judi dan tidak pernah makan enak""",raut mukanya saja sudah orang kalah judi makan enak,0
516,Non-bullying,"""Kak jerome kayak boneka tau hahah""",kak jerome mirip boneka tahu hahah,1
517,Non-bullying,"""Mukbang makanan sehat dong kak. Salad jepang gituuu.""",mukbang makanan sehat kak salad jepang gituuu,1
518,Non-bullying,"""Yakinin dulu niatnya bg? Semoga sukses""",yakinin niatnya bagi semoga sukses,1
519,Non-bullying,"""Bang, aku nonton kamu setelah aku kerja di Jepang. Bermanfaat bgt kontennya jd gampang kalo mau nyari apa apa di Jepang""",bang nonton kerja jepang bermanfaat sangat kontennya jadi gampang kalau cari jepang,1
520,Non-bullying,"""Cuman rumus diet ini yg ga bisa dipecahka ya bang?""",hanya rumus diet yang tidak dipecahka ya bang,1
521,Non-bullying,"""Perut makin maju tpi semangat jangan tak maju""",perut maju tetapi semangat maju,1
522,Non-bullying,"""Pantesan kak Jessica bilang bang jerom beruang wkwkwk""",pantas kak jessica bilang bang jerom beruang wkwkwk,1
523,Non-bullying,"""Aduhh susah klo urusan sma Jerome rumus matematika terus bahasannya? Apakah daya diriku yg lebih suka bhs Inggris drpd matematika""",aduhh susah kalau urusan sma jerome rumus matematika bahasannya daya diriku yang suka bahas inggris daripada matematika,1
524,Non-bullying,"""Kaya tulus ya mukanya klo diliat2""",kaya tulus ya mukanya kalau diliat2,1
525,Non-bullying,"""Kak Jerome, bagi trik biar bisa paham dan ingat cepat rumus matematika, dung:)""",kak jerome trik biar paham cepat rumus matematika dung,1
526,Non-bullying,"""Baru x ini baca caption harus mikir dan pakai kalkulator cuyyy hahaha""",x baca caption mikir pakai kalkulator cuyyy hahaha,1
527,Non-bullying,"""Sumpah si kak, kemeja jeans bikin keliatan seger bgt mantap mantap""",sumpah si kak kemeja jeans bikin kelihatan seger sangat mantap mantap,1
528,Non-bullying,"""Mirip ama aktor korea yg main di film reply 1988 yg jadi kaka nya jung hwan wkwk""",ama aktor korea yang main film reply 1988 yang kaka nya jung hwan wkwk,1
529,Non-bullying,"""iya bang jer terlihat berbeda klo pake style kayak gini lebih terlihat fresh anak gaul""",iya bang jer berbeda kalau pakai style mirip gini fresh anak gaul,1
530,Non-bullying,"""Klo style ke gini pas gitu bang sma umur lu yg msh muda keliatan lbh fresh aja sesuai sma umur""",kalau style gini pas begitu bang sma umur kamu yang masih muda kelihatan lebih fresh saja sesuai sma umur,1
531,Non-bullying,"""Kok makin dewasa makin imutt aih cipaaaaaa""",dewasa imutt aih cipaaaaaa,1
532,Non-bullying,"""maniss bangettt pengen dah punya senyuman manis kayak ka syifaaa""",maniss bangettt pengen sudah senyuman manis mirip ka syifaaa,1
533,Non-bullying,"""Nih orang manis bnget sihh ga ngerti lagi""",nih orang manis sangat sihh tidak ngerti,1
534,Non-bullying,"""Kakak pinter nyanyi ya @syifahadjureal, suaranya bagus kak""",kakak pintar nyanyi ya <USERNAME> suaranya bagus kak,1
535,Non-bullying,"""Gk salah kalo kak syifa cantik mamahnya aja cantik bgtt!! Jujurr""",tidak salah kalau kak syifa cantik mamahnya saja cantik bgtt jujurr,1
536,Non-bullying,"""Lelaki yg mendapatkan km. Adalah lelaki yg beruntung.""",lelaki yang kamu lelaki yang beruntung,1
537,Non-bullying,"""Kamu mirip bgt ayahmu kalo adikmu mirip bgt mamamu""",sangat ayahmu kalau adikmu sangat mamamu,1
538,Non-bullying,"""Kakak udah cantik sii, tapi cantikan lagi kalo pake hijab""",kakak sudah cantik sii cantikan kalau pakai hijab,1
539,Non-bullying,"""Gemeshh rasanya kaya aku pengen cubit""",gemeshh kaya pengen cubit,1
540,Non-bullying,"""@angelkmgi ini paling cute sih, ganteng parah msh kecil jg""",<USERNAME> cute sih ganteng parah masih juga,1
541,Bullying,"""Pengen gw pacul mulut lo!! woii anjeng busuk""",pengen saya pacul mulut kamu woii anjeng busuk,0
542,Non-bullying,"""Sering blg ke org2 artis cewek yg menurutku paling cantik syifa sama ziu""",bilang orang-orang artis cewek yang menurutku cantik syifa ziu,1
543,Non-bullying,"""Ka cipa tu uda cantik, baik, manis bgt pula, manisnya tu nglebihin gula""",ka cipa itu sudah cantik manis sangat manisnya itu nglebihin gula,1
544,Non-bullying,"""Dilihat sekilas pun tampak jelas kalau cantikkan syifa""",sekilas cantikkan syifa,1
545,Non-bullying,"""Setuju g sih? Si dia tetep cntik bgt meski g pke make up? lah aku g pke make up pucet bgt kyk g makan setahunn""",setuju tidak sih si tetap cntik sangat tidak pakai pakai up tidak pakai pakai up pucet sangat seperti tidak makan setahunn,1
546,Non-bullying,"""dahlahh emang cantik luar dalam kmu ini cippp""",dahlahh memang cantik kamu cippp,1
547,Non-bullying,"""Muka cantik tanpa make up hini, bahagia bgt kali ya yg jadi suaminya, bisa liat bidadari setiap harinya.""",muka cantik pakai up hini bahagia sangat kali ya yang suaminya liat bidadari harinya,1
548,Non-bullying,"""Suka bgtt sm kak cipaa.. orangnya humble sm semua orang dan banyak temannya juga""",suka bgtt sama kak cipaa orangnya humble sama orang temannya,1
549,Non-bullying,"""Artis remaja di Indonesia yg manis bgt kalo senyum Cuma dia deh perasaan yg nempel di hati""",artis remaja indonesia yang manis sangat kalau senyum deh perasaan yang nempel hati,1
550,Non-bullying,"""Aku doakan perempuan baik yg bernama Nagita selalu sehat, bahagia lahir batin, dan banyak yang sayang sm dia..""",doakan perempuan yang bernama nagita sehat bahagia lahir batin sayang sama,1
551,Non-bullying,"""Rafathar nya mantull ni, pulang nggk jd nginep karna nggk ada temen mamany d rmh papany belum pulangg.. jd jagain dan temenin mama dulu  ya aa""",rafathar nya mantull ni pulang tidak jadi menginap karena tidak teman mamany di rumah papany pulangg jadi jagain temani mama ya aa,1
552,Non-bullying,"""kultur kerja kaya gini menurut gw bagus si ga kapitalis banget, petingginya juga ikut kerja misal ngevlog atau endors, semoga gaji juga ga senjang si haha""",kultur kerja kaya gini saya bagus si tidak kapitalis sekali petingginya kerja ngevlog endors semoga gaji tidak senjang si haha,1
553,Non-bullying,"""Pantas pada senang kerja di Rans.. mbak gigi nggak ngebossy..""",senang kerja rans mbak gigi tidak ngebossy,1
554,Non-bullying,"""Seneng yaa lihat orang sukses meeting. Ya Allah pengen sukses kayak gitu biar ada status di instastory""",senang yaa lihat orang sukses meeting ya allah pengen sukses mirip begitu biar status instastory,1
555,Non-bullying,"""smga semua kelg dan crew sehat semua.. dan rejeki trs lancar ya kak gigi..""",semoga kelg crew sehat rejeki terus lancar ya kak gigi,1
556,Non-bullying,"""Fokus ke nagita pas mau minum masih sempet baca doa. keren bgt hasil dari didikan orang tua nya""",fokus nagita pas minum sempet baca doa keren sangat hasil didikan orang tua nya,1
557,Bullying,"""Kasihan ya , Nagita punya suami kerjaannya berzinah terus""",kasihan ya nagita suami kerjaannya berzinah,0
558,Non-bullying,"""Koreaable banget face rafathar cakep ganteng manis banget""",koreaable sekali face rafathar cakap ganteng manis sekali,1
559,Non-bullying,"""MasyaAllah Rafathar tambah besar makin tambah ganteng bgt gk kuat ngeliat alisny?""",masyaallah rafathar ganteng sangat tidak kuat ngeliat alisny,1
560,Non-bullying,"""Kok mirip siwon ya lama2, apa perasaan gw aja.""",siwon ya lama2 perasaan saya saja,1
561,Non-bullying,"""Lucunya berasa kayak kaka dan adek""",lucunya berasa mirip kaka adik,1
562,Non-bullying,"""Itu wajah nagita kya masih umur 20an""",wajah nagita kya umur 20an,1
563,Non-bullying,"""Foto no edit edit ya saayy kamera nyaa bening,,, model fotonya pun juga bening gak perlu pakai filter tipu tipu""",foto nomor edit edit ya saayy kamera nyaa bening model fotonya bening tidak pakai filter tipu tipu,1
564,Non-bullying,"""Look-nya Rafathar emang gak bisa dipungkiri, diborong gen mama gigi semua HAHA.""",look nya rafathar memang tidak dipungkiri diborong gen mama gigi haha,1
565,Non-bullying,"""Nagita masa kaya anak muda coba cantikk bangeett""",nagita kaya anak muda coba cantikk bangeett,1
566,Non-bullying,"""Masyaallah mamany cantik anakny ganteng, perfect""",masyaallah mamany cantik anaknya ganteng perfect,1
567,Non-bullying,"""Kaya adek kakak.. kak gigi keliatan muda banget""",kaya adik kakak kak gigi kelihatan muda sekali,1
568,Non-bullying,"""Tambah gede aja rafathar ya tambah pinter ya Rafathar""",gede saja rafathar ya pintar ya rafathar,1
569,Non-bullying,"""Mama gigi kalau rambutnya agak pirang tambah cantik dan tampak lebih muda""",mama gigi rambutnya pirang cantik muda,1
570,Non-bullying,"""OOTD mama gigi simple tapi elegan dilihat nya, masyaallah""",ootd mama gigi simple elegan nya masyaallah,1
571,Non-bullying,"""Masyaallah mamah gigi bening bet dah, sehat selalu mamah gigi dn keluarga""",masyaallah mamah gigi bening bet sudah sehat mamah gigi dan keluarga,1
572,Non-bullying,"""mama gigi ketemu gajah. gajahnya seneng sampai ketawa gitu ahhaha.""",mama gigi ketemu gajah gajahnya senang tertawa begitu ahhaha,1
573,Non-bullying,"""Ya allah ga tau knp ak suka setiap lihat nagita pake dress modelnya cakep cakep""",ya allah tidak tahu kenapa aku suka lihat nagita pakai dress modelnya cakap cakap,1
574,Non-bullying,"""i see beauty in everything mba gigi sehat selalu sama dede bayi nya""",i see beauty in everything mba gigi sehat dede bayi nya,1
575,Non-bullying,"""Mama gigi cantik banget? look younger than her age.. love mama gigi""",mama gigi cantik sekali look younger than her age love mama gigi,1
576,Non-bullying,"""Semoga adeknya rafathar menjadi anak yang tangguh kuat cerdas""",semoga adeknya rafathar anak tangguh kuat cerdas,1
577,Non-bullying,"""Pakaian apapun yg dipake mama gigi selalu keceee""",pakaian apapun yang dipakai mama gigi keceee,1
578,Non-bullying,"""Terima kasih kak Nagita @raffinagita1717 sudah support Molly si gajah dan satwa-satwa di Bali Zoo lainnya dengan kunjungannya bersama keluarga""",terima kasih kak nagita <USERNAME> support molly si gajah satwa satwa bali zoo kunjungannya keluarga,1
579,Non-bullying,"""Kaya ny gajahnya merasakan aura positif nya mb gigi itu? kelihatan sumringah jg gajahnya loo..""",kaya nya gajahnya merasakan aura positif nya mb gigi sumringah juga gajahnya loo,1
580,Non-bullying,"""Manis banget mbak gigi.. Masya Allah.. hamil semakin bersinar..""",manis sekali mbak gigi masya allah hamil bersinar,1
581,Non-bullying,"""Mama gigi gapernah ga cantik sih kalo menurut aku.""",mama gigi tidak pernah tidak cantik sih kalau,1
582,Non-bullying,"""Semoga sehat selalu bayi dalam kandungan nya sama ibunya ya.""",semoga sehat bayi kandungan nya ibunya ya,1
583,Non-bullying,"""Cantik banget semoga sehat selalu kakak panutan""",cantik sekali semoga sehat kakak panutan,1
584,Non-bullying,"""MasyaAllah selalu mempesona baik kaum adam maupun kaum hawa""",masyaallah mempesona kaum adam kaum hawa,1
585,Non-bullying,"""Gak ada orang lain yang bangun tidur siang secantik ini selain ka yaya""",tidak orang bangun tidur siang secantik ka yaya,1
586,Non-bullying,"""makin tua makin muda yehh mukanya, mana cantik bngett mo nangiss ampun cantik terus ka yaya""",tua muda yehh mukanya cantik bngett mau nangiss ampun cantik ka yaya,1
587,Non-bullying,"""Gapaham lagi cakeup nya natural Masyaallah""",gapaham cakeup nya natural masyaallah,1
588,Non-bullying,"""Raisa mah tipe cantik tapi sopan santun pakaiannya""",raisa mah tipe cantik sopan santun pakaiannya,1
589,Non-bullying,"""ka yayaaa, why are you always stunning pretty girl.""",ka yayaaa why are you always stunning pretty girl,1
590,Non-bullying,"""Ya Allah ni orang apa peri, cantik amatt""",ya allah ni orang peri cantik amatt,1
591,Non-bullying,"""Kenapa cantik banget aku heran dilihat dari samping kanan kiri depan dll tetep aja cantik""",cantik sekali heran samping kanan kiri dan lain lain tetap saja cantik,1
592,Non-bullying,"""BISA BERHENTI CAKEP GA KAKK? PUSINGGGG IH""",berhenti cakap tidak kakk pusingggg ih,1
593,Non-bullying,"""Cantik bajunya keren warnanya bikin pangling""",cantik bajunya keren warnanya bikin pangling,1
594,Non-bullying,"""Sudah dongggg dan sudah di liked juga.. congratulations""",dongggg liked congratulations,1
595,Non-bullying,"""Udaaaahh nontonnnnn.. lagunya bajunya makeup dan hairdo nyaaa sukaakkkk""",udaaaahh nontonnnnn lagunya bajunya makeup hairdo nyaaa sukaakkkk,1
596,Non-bullying,"""Raisa sekarang ngak monoton?. Jadi suka deh?. Sering2 kek gini?.""",raisa tidak monoton suka deh sering2 kek gini,1
597,Non-bullying,"""udah dong. Lagi ngunyah aja cute banget""",sudah kunyah saja cute sekali,1
598,Non-bullying,"""Penyihir secantik ini gue rela dikutuk jadi tokek laut""",penyihir secantik saya rela dikutuk tokek laut,1
599,Non-bullying,"""Ya ampun kak makan apa sih kok bisa cantik banget""",ya ampun kak makan sih cantik sekali,1
600,Non-bullying,"""Ya allah kek anak yg msh batita klo lg ngambek manyunnya begitu, gemes hahaha""",ya allah kek anak yang masih batita kalau lagi marah manyunnya gemes hahaha,1
601,Non-bullying,"""Aku udah. Dan sumpah bagus banget. Serasa liat cerita disney gitu""",sudah sumpah bagus sekali serasa liat cerita disney begitu,1
602,Bullying,"""lu lebih gak sopan, mukak lu kayak babi!""",kamu tidak sopan mukak kamu mirip babi,0
603,Non-bullying,"""ya Allah kenapa begitu sempurna sih ciptaanmu yg satu in""",ya allah sempurna sih ciptaanmu yang in,1
604,Non-bullying,"""Ragu aja cantiknya udh kek gini, gmn kl yakin yak, cantiknya kek apa, heran""",ragu saja cantiknya sudah kek gini bagaimana kalau yak cantiknya kek heran,1
605,Non-bullying,"""Bukan keliatan ragu, tapi keliatan cantik""",kelihatan ragu kelihatan cantik,1
606,Non-bullying,"""Warna yang paling bikin Raisa makin shinning itu merah, hitam, putih, pink and emerald""",warna bikin raisa shinning merah hitam putih pink and emerald,1
607,Non-bullying,"""Raisa pake baju merah sumpahh cantik bgttt""",raisa pakai baju merah sumpahh cantik bgttt,1
608,Non-bullying,"""Liriknya pendek tp susah di hafal pas awal awal, begitu di puter beberapa kali eh kok candu banget""",liriknya pendek tetapi susah hafal pas putar kali eh candu sekali,1
609,Non-bullying,"""Demi apa, Kak Yaya gk pernah ngeRAGUin para pendengar lagu2 nya""",kak yaya tidak ngeraguin pendengar lagu2 nya,1
610,Non-bullying,"""Ka yaya kalo ragu tetep secantik itu yah :"")""",ka yaya kalau ragu tetap secantik yah,1
611,Non-bullying,"""Ragu aja cantik kan kak, apalagi kalau serius""",ragu saja cantik kak serius,1
612,Non-bullying,"""Ngga alay. Ngga muluk muluk. Natural. Sukaaaa",tidak alay tidak muluk muluk natural sukaaaa,1
613,Non-bullying,"""seru bgt gemoy, tim berkebun plus tim alam bgt niiii""",seru sangat gemoy tim berkebun plus tim alam sangat niiii,1
614,Non-bullying,"""nikmatnya bisa menghirup oksigen dengan bebas ya :)""",nikmatnya menghirup oksigen bebas ya,1
615,Non-bullying,"""Slide kedua mukanya mau gaya apa aja tetep cantikk""",slide mukanya gaya saja tetap cantikk,1
616,Non-bullying,"""mba isyana foto gelap2an gini aja aesthetic bgt ya""",mba isyana foto gelap2an gini saja aesthetic sangat ya,1
617,Non-bullying,"""mba isyana udah cantik suaranya bagus kompeten pula, ah sukaaaa""",mba isyana sudah cantik suaranya bagus kompeten ah sukaaaa,1
618,Non-bullying,"""Ga Taulah aku juga suka banget sama gayanya isyan""",tidak taulah suka sekali gayanya isyan,1
619,Non-bullying,"""Kangen nonton konser isyan secara lgsg, meskipun msh bisa virtual, Cuma experience-nya lebih dapat aja gitu""",kangen nonton konser isyan langsung masih virtual experience nya saja begitu,1
620,Non-bullying,"""Congrats ka @isyanasarasvati, terus berkarya, makin sukses? dan terus mnjd inpirasi kita semua?""",congrats ka <USERNAME> berkarya sukses mnjd inpirasi,1
621,Non-bullying,"""Congrats kak, kamu memang pantes mendapatkannya""",congrats kak pantes mendapatkannya,1
622,Non-bullying,"""Saya berharap kak @isyanasarasvati panjang umur. Sehingga bisa jadi inspirasi untuk musisi seluruh Indonesia. Saya suka musik indonesia dengan adanya kak Isyana""",berharap kak <USERNAME> umur inspirasi musisi indonesia suka musik indonesia kak isyana,1
623,Non-bullying,"""Udah cantik, rada gesrek tapi ya ini banyak kelebihannya, semangat tetap produktif""",sudah cantik agak gesrek ya kelebihannya semangat produktif,1
624,Non-bullying,"""Gatau lagi, serasa nonton wtf beneran di jkt meski virtual and thankyouu for the performance kak syan! Selalu keren dan pecah! Tak pernah sekalipun mengecewakan""",gatau serasa nonton wtf benar jakarta virtual and thankyouu for the performance kak syan keren pecah mengecewakan,1
625,Non-bullying,"""Walaupun ga pernah lihat ka isyana live beneran di panggung. Tp aku terpesona bgt ama live virtual asli keren""",tidak lihat ka isyana live benar panggung tetapi terpesona sangat ama live virtual asli keren,1
626,Non-bullying,"""yash we the fest even virtual tapi tetep keren bgt kak syann huaaa energi nya dpt bgt""",yash we the fest even virtual tetap keren sangat kak syann huaaa energi nya dapat sangat,1
627,Non-bullying,"""Keren banget!!! walaupun sebentar tapi mantap abis! Ditunggu karya selanjutnya ya kak! Stay safe and healthy isyana ku""",keren sekali sebentar mantap habis ditunggu karya ya kak stay safe and healthy isyana aku,1
628,Non-bullying,"""makaseh jugaa kakaaa inyeeuuuu semoga aku bisa pantang menyerah seperti kakak dan teman musisi lainnya yaaa""",makaseh jugaa kakaaa inyeeuuuu semoga pantang menyerah kakak teman musisi yaaa,1
629,Non-bullying,"""Thank you juga, Syan! Seneng banget kemarin haha! Semoga setelah pandemi ini, semua rencana dilancarkan ya, Syan!""",thank you syan senang sekali kemarin haha semoga pandemi rencana dilancarkan ya syan,1
630,Non-bullying,"""hua seneng bgt kmrn walaupun Cuma 35 menitan tp seneng liat isyan, adaptasi kebiasaan baruku semoga bisa lebih teratur maemnya, ditunggu karya selanjutnya kaka""",hua senang sangat kemarin 35 menitan tetapi senang liat isyan adaptasi kebiasaan baruku semoga teratur maemnya ditunggu karya kaka,1
631,Non-bullying,"""senang akhirnya indonesia bisa mempunyai musisi idealis berkualitas tinggi yg masih bisa terus berkarya & diapresiasi oleh banyak orang?""",senang indonesia musisi idealis berkualitas yang berkarya diapresiasi orang,1
632,Non-bullying,"""Berharap bisa menghadirkan musisi dgn genre yang lain dr yg sudah ada di industri? biar musik Indonesia lebih berwarna""",berharap menghadirkan musisi dengan genre dari yang industri biar musik indonesia berwarna,1
633,Non-bullying,"""congrats kak isyan semoga semua impian-impian baiknya segera bisa terwujud aamiin""",congrats kak isyan semoga impian impian baiknya terwujud aamiin,1
634,Non-bullying,"""Bener bener idola, dr musisi yang dipandang sebelah mata sampe buat label musik sendiri, congrats syan""",benar benar idola dari musisi dipandang sebelah mata sampai label musik congrats syan,1
635,Non-bullying,"""CONGRATS KAK ISYAN semoga karya nya apa yg dilakukan kakak sukses teruss""",congrats kak isyan semoga karya nya yang kakak sukses teruss,1
636,Bullying,"""ORANG INI TERLIHAT SANGAT SANGAT STRES DAN GILA""",orang stres gila,0
637,Bullying,"""Gua kalai jadi tuhan gaakan gua jadiin dia ini manusia, lebih pante ga hidup ini orang di dunia, akhlaknya gaada tolol bangsat""",saya kalai tuhan gaakan saya jadi manusia pante tidak hidup orang dunia akhlaknya tidak ada tolol bangsat,0
638,Non-bullying,"""Biasa nya aq nangis kalo lagu nya seiihh, kalo sekarang nangis karna saking bagus nya lagu nya""",nya saya nangis kalau lagu nya seiihh kalau nangis karena saking bagus nya lagu nya,1
639,Non-bullying,"""definisi minat ketemu bakat ketemu kerja keras""",definisi minat ketemu bakat ketemu kerja keras,1
640,Non-bullying,"""@vnagstn astaga si isyana keren banget ini; bisa ada musisi lokal yang selera musiknya kayak gini""",<USERNAME> astaga si isyana keren sekali musisi lokal selera musiknya mirip gini,1
641,Non-bullying,"""MashaAllah? udh cantik, pinter, jago nyanyi dn mainin alat musik pula neng @isyanasarasvati ngefans bener ini mah""",mashaallah sudah cantik pintar jago nyanyi dan mainin alat musik neng <USERNAME> ngefans benar mah,1
642,Non-bullying,"""Gilaaaa.. gila.. gilaaaa Tangan, kaki, ekspresi, n emosi tertuang adi suatu karya yg fantastis""",gilaaaa gila gilaaaa tangan kaki ekspresi n emosi tertuang adi karya yang fantastis,1
643,Non-bullying,"""Gosh, tiap kali lihat isyana mainin alat musik kaya lihat jiwanya beda. Merinding gila. Kaya kepribadiannya jadi serius bangett""",gosh kali lihat isyana mainin alat musik kaya lihat jiwanya beda merinding gila kaya kepribadiannya serius sangat,1
644,Non-bullying,"""Sumpah demi allah bagus bangett kereennn merinding ak nya.. dengerin sampe abis tiba2 aja ampe netesin air mata""",sumpah allah bagus sangat kereennn merinding aku nya dengerin sampai habis tiba2 saja sampai netesin air mata,1
645,Non-bullying,"""aku memutuskan untuk menjadi fans isyana. gila keren banget ya, otak mereka berdua bisa berfungsi dg menjalankan perintah ke tangan dan kaki, di waktu bersamaan""",memutuskan fans isyana gila keren sekali ya otak berdua berfungsi dengan menjalankan perintah tangan kaki bersamaan,1
646,Non-bullying,"""AMZING ISYANAA!! Jujur aku amazed banget dengan skill dan minat Isyana dalam bermusik. Ga Cuma bernyanyi tapi main alat musik pun jago banget""",amzing isyanaa jujur amazed sekali skill minat isyana bermusik tidak bernyanyi main alat musik jago sekali,1
647,Non-bullying,"""paling ngiri liat orang keren maen alat musik dan dalem banget nikmatin permainan sendiri""",ngiri liat orang keren main alat musik dalam sekali nikmatin permainan,1
648,Non-bullying,"""Sampe ga bisa berkata2 lagi buat isyana, sangat2 sempurna org ini""",sampai tidak berkata2 isyana sangat2 sempurna orang,1
649,Non-bullying,"""Inimah bukan main alat musik lagi. Olahraga jari dan kaki ini mah""",inimah main alat musik olahraga jari kaki mah,1
